first_name,middle_name,last_name,alien_number,date_of_birth,country_of_birth,facility_name,facility_location,custody_status,last_updated
ABDULLAH,,ALHAMZAH,A977475806,2000-01-25,Costa Rica,Florida State Prison,"Starke, FL",Released on Bond,2025-08-28 23:32:49
ABDULMAJED,,ABDULMANE,A375098501,1997-07-30,Panama,Alligator Alcatraz Detention Center,"Everglades, FL",Awaiting Hearing,2025-08-28 23:32:49
ABEL,HERNANDEZ,PEREZ,A617924650,1988-05-25,Ecuador,Florida State Prison,"Starke, FL",In Detention,2025-08-28 23:32:49
ABEL,PADRON DE,LEON,A621584061,1975-01-22,Chile,Alligator Alcatraz Detention Center,"Everglades, FL",Awaiting Deportation,2025-08-28 23:32:49
ABELARDO,VILLEGAS,HERNANDEZ,A75228316,1978-03-17,Panama,Alligator Alcatraz Detention Center,"Everglades, FL",Awaiting Hearing,2025-08-28 23:32:49
ABELINO,PEREZ,LOPEZ,A852155392,1992-10-20,Ecuador,Broward Transitional Center,"Pembroke Pines, FL",Awaiting Deportation,2025-08-28 23:32:49
ABENAMAR,CASTELLANOS,RODRIGUEZ,A664192261,1997-02-24,Mexico,Florida State Prison,"Starke, FL",Awaiting Hearing,2025-08-28 23:32:49
ABNER,,MORALES-GOMEZ,A427553917,1997-10-26,Panama,Broward Transitional Center,"Pembroke Pines, FL",Awaiting Deportation,2025-08-28 23:32:49
ABRAHAM,,TORRES-ROBLERO,A475396687,1971-10-12,Panama,Broward Transitional Center,"Pembroke Pines, FL",Released on Bond,2025-08-28 23:32:49
ACACIO,,JUAREZ-GALEANA,A868765240,1994-04-29,Nicaragua,Broward Transitional Center,"Pembroke Pines, FL",Awaiting Deportation,2025-08-28 23:32:49
ADONIRAM,,LAZARO-PEREZ,A526210739,1971-03-19,Chile,Alligator Alcatraz Detention Center,"Everglades, FL",Processing,2025-08-28 23:32:49
ADONIS,,LOBOS-REYES,A532941676,1993-07-11,Argentina,Alligator Alcatraz Detention Center,"Everglades, FL",Awaiting Deportation,2025-08-28 23:32:49
ADRIAN,BETANCOURT,RODRIGUEZ,A119313033,1979-11-06,Panama,Orange County Jail,"Orlando, FL",In Detention,2025-08-28 23:32:49
ADRIAN,GUERRERO,RODRIGUEZ,A871183869,1980-06-01,Peru,Florida State Prison,"Starke, FL",Processing,2025-08-28 23:32:49
ADRIAN,RODRIGUEZ,UMPIERRE,A261572419,1967-08-15,Argentina,Alligator Alcatraz Detention Center,"Everglades, FL",Awaiting Deportation,2025-08-28 23:32:49
ADRIANGEL,GONZALEZ,HEREDIA,A956317065,2002-10-04,Chile,Orange County Jail,"Orlando, FL",Released on Bond,2025-08-28 23:32:49
AGUSTIN,JIMENEZ,PEREZ,A431146201,1996-03-03,El Salvador,Miami Processing Center,"Miami, FL",Released on Bond,2025-08-28 23:32:49
AGUSTIN,,VELASCO-LOPEZ,A944336986,1985-01-18,Bolivia,Palm Beach County Jail,"West Palm Beach, FL",Awaiting Hearing,2025-08-28 23:32:49
ALAN,,ORTIZ-PAVON,A146758286,1992-11-23,Bolivia,Broward Transitional Center,"Pembroke Pines, FL",Processing,2025-08-28 23:32:49
ALBERTO,,CHO-TZIB,A540016058,1986-12-17,Ecuador,Palm Beach County Jail,"West Palm Beach, FL",Processing,2025-08-28 23:32:49
ALBERTO,,PEDRO-BALTAZAR,A856861825,1968-01-07,Honduras,Orange County Jail,"Orlando, FL",Processing,2025-08-28 23:32:49
ALDAIR,CITALAN,SAQUIC,A568129008,2003-12-12,Costa Rica,Florida State Prison,"Starke, FL",Awaiting Deportation,2025-08-28 23:32:49
ALDO,IVAN LARA,DIAZ,A547954328,1993-09-03,El Salvador,Alligator Alcatraz Detention Center,"Everglades, FL",In Detention,2025-08-28 23:32:49
ALEJANDRO,,CHOC-CHUB,A793327176,2002-03-06,Colombia,Alligator Alcatraz Detention Center,"Everglades, FL",In Detention,2025-08-28 23:32:49
ALEXANDER,HERNANDEZ,BONI,A106483021,1965-05-25,Argentina,Miami Processing Center,"Miami, FL",In Detention,2025-08-28 23:32:49
ALEXANDER,NAVARRO,CARRAZANA,A25980281,2000-10-05,Nicaragua,Palm Beach County Jail,"West Palm Beach, FL",Processing,2025-08-28 23:32:49
ALEXANDER,PASCUAL,PASCUAL,A375396539,1991-12-17,El Salvador,Palm Beach County Jail,"West Palm Beach, FL",Awaiting Hearing,2025-08-28 23:32:49
ALEXANDER,,STRAKER,A37571522,1973-05-07,Venezuela,Florida State Prison,"Starke, FL",Processing,2025-08-28 23:32:49
ALEXI,MENDOZA,BALDIVIA,A783610958,1964-08-31,Costa Rica,Miami Processing Center,"Miami, FL",Awaiting Deportation,2025-08-28 23:32:49
ALEXIS,CHAVEZ,ALMONTE,A310940773,1987-09-16,Colombia,Alligator Alcatraz Detention Center,"Everglades, FL",Released on Bond,2025-08-28 23:32:49
ALFREDO,AGUILAR,ESCOBAR,A17499925,1970-06-25,Honduras,Alligator Alcatraz Detention Center,"Everglades, FL",Released on Bond,2025-08-28 23:32:49
ALFREDO,,GAMEZ,A314263786,1982-04-26,Argentina,Florida State Prison,"Starke, FL",Released on Bond,2025-08-28 23:32:49
ALFREDO,GUZMAN,BARTOLO,A191467810,1968-11-22,Brazil,Orange County Jail,"Orlando, FL",Released on Bond,2025-08-28 23:32:49
ALFREDO,,LEIJA-CHAVEZ,A278630979,2005-03-28,Panama,Florida State Prison,"Starke, FL",In Detention,2025-08-28 23:32:49
ALLAN,GONZALEZ,VERGARA,A163831415,1977-09-25,Argentina,Palm Beach County Jail,"West Palm Beach, FL",Released on Bond,2025-08-28 23:32:49
ALVARO,AGUILAR,JIMENEZ,A411925801,1967-08-29,Brazil,Miami Processing Center,"Miami, FL",Awaiting Hearing,2025-08-28 23:32:49
ALVARO,,CALDERON-RAMIREZ,A310168092,1989-04-14,Mexico,Palm Beach County Jail,"West Palm Beach, FL",In Detention,2025-08-28 23:32:49
AMILCAR,,CASTILLO-VASQUEZ,A497776024,1990-03-20,El Salvador,Florida State Prison,"Starke, FL",Processing,2025-08-28 23:32:49
AMILCAR,,MATEO-LOPEZ,A658893656,1998-08-01,Costa Rica,Alligator Alcatraz Detention Center,"Everglades, FL",Released on Bond,2025-08-28 23:32:49
AMIR,,NOUR,A844773134,1991-12-11,Mexico,Florida State Prison,"Starke, FL",Released on Bond,2025-08-28 23:32:49
AND,CASTILLO,HUETE,A799331950,1988-10-17,Panama,Florida State Prison,"Starke, FL",Released on Bond,2025-08-28 23:32:49
ANDEL,SAAVEDRA,PEREZ,A92074388,2000-08-02,Panama,Alligator Alcatraz Detention Center,"Everglades, FL",Awaiting Hearing,2025-08-28 23:32:49
ANDERSON,,MIRANDA-MIRANDA,A233857841,2004-02-17,Panama,Orange County Jail,"Orlando, FL",Awaiting Deportation,2025-08-28 23:32:49
ANDOR,HERNANDEZ,MORALES,A507831804,1995-04-29,Panama,Palm Beach County Jail,"West Palm Beach, FL",Processing,2025-08-28 23:32:49
ANDRES,CHUN,RAMIREZ,A710984517,1966-06-15,Argentina,Palm Beach County Jail,"West Palm Beach, FL",Released on Bond,2025-08-28 23:32:49
ANDRES,MENDOZA,ACEVEDO,A228873266,1982-10-25,Colombia,Broward Transitional Center,"Pembroke Pines, FL",Awaiting Hearing,2025-08-28 23:32:49
ANDRES,,MUNOZ-HERNANDEZ,A121625158,2003-06-09,El Salvador,Miami Processing Center,"Miami, FL",Released on Bond,2025-08-28 23:32:49
ANDRES,VILLEGAS,GOMEZ,A993753457,1981-08-11,Nicaragua,Florida State Prison,"Starke, FL",Processing,2025-08-28 23:32:49
ANDREW,,CHEEKAN,A24408178,1979-04-22,Peru,Orange County Jail,"Orlando, FL",Awaiting Hearing,2025-08-28 23:32:49
ANDREY,ROQUE,CRUZ,A390865981,1974-09-01,Honduras,Palm Beach County Jail,"West Palm Beach, FL",Processing,2025-08-28 23:32:49
ANDY,FERNANDEZ,NOY,A610780812,1993-08-29,Brazil,Alligator Alcatraz Detention Center,"Everglades, FL",Released on Bond,2025-08-28 23:32:49
ANGEL,AGUSTIN MARTINEZ,ARMAS,A49517328,2005-03-05,Argentina,Palm Beach County Jail,"West Palm Beach, FL",Released on Bond,2025-08-28 23:32:49
ANGEL,,CRUZ-VALLADARES,A425910690,1981-08-31,Brazil,Orange County Jail,"Orlando, FL",Awaiting Hearing,2025-08-28 23:32:49
ANGEL,FELIPE,PEREZ,A532995269,1995-01-08,Brazil,Orange County Jail,"Orlando, FL",In Detention,2025-08-28 23:32:49
ANGEL,,MELENDRES-PAJON,A29202754,1990-06-01,Argentina,Florida State Prison,"Starke, FL",Awaiting Deportation,2025-08-28 23:32:49
ANIBAL,ROMERO,RIVERA,A379235352,1987-08-10,Costa Rica,Alligator Alcatraz Detention Center,"Everglades, FL",In Detention,2025-08-28 23:32:49
ANTHONY,,CASTILLO-GOMEZ,A60097638,1992-05-30,Chile,Alligator Alcatraz Detention Center,"Everglades, FL",Awaiting Hearing,2025-08-28 23:32:49
ANTONIO,,ALCANTARA,A130146618,2001-09-13,Argentina,Orange County Jail,"Orlando, FL",Processing,2025-08-28 23:32:49
ANTONIO,GERMAN,FUENTES,A620170623,1988-04-17,Peru,Florida State Prison,"Starke, FL",Awaiting Hearing,2025-08-28 23:32:49
ANTONIO,LOPETEGUI,PADRON,A61665467,2006-06-29,Ecuador,Orange County Jail,"Orlando, FL",Released on Bond,2025-08-28 23:32:49
ANTONIO,,RUBIO-SANCHEZ,A148831793,1993-06-30,Guatemala,Florida State Prison,"Starke, FL",In Detention,2025-08-28 23:32:49
ANTONIO,,SUAREZ,A173446183,1988-01-08,Colombia,Orange County Jail,"Orlando, FL",Processing,2025-08-28 23:32:49
ANTUAN,,MARCOS-TOLEDO,A233303618,2002-04-08,Nicaragua,Florida State Prison,"Starke, FL",Released on Bond,2025-08-28 23:32:49
ARAEL,,RAMIREZ,A54008006,1973-12-02,Nicaragua,Florida State Prison,"Starke, FL",Awaiting Deportation,2025-08-28 23:32:49
ARIAM,RODRIGUEZ,LEON,A183707743,1964-09-13,Venezuela,Orange County Jail,"Orlando, FL",Processing,2025-08-28 23:32:49
ARIEL,RODRIGUEZ,MARTINEZ,A319370031,1995-12-03,Nicaragua,Miami Processing Center,"Miami, FL",In Detention,2025-08-28 23:32:49
ARLIS,,PEREZ-VASQUEZ,A933580999,1980-09-24,Panama,Palm Beach County Jail,"West Palm Beach, FL",Released on Bond,2025-08-28 23:32:49
ARNALDO,,LUNA,A252256624,1995-01-30,Venezuela,Florida State Prison,"Starke, FL",Processing,2025-08-28 23:32:49
ARNOL,,MENBRENO,A416806312,1995-05-16,Panama,Alligator Alcatraz Detention Center,"Everglades, FL",In Detention,2025-08-28 23:32:49
ARNOLDO,ESCORCIA,CENTENO,A196053420,1987-10-10,Ecuador,Palm Beach County Jail,"West Palm Beach, FL",Processing,2025-08-28 23:32:49
ARNOLDO,,NOLASCO-GABRIEL,A628360849,1977-01-21,Argentina,Miami Processing Center,"Miami, FL",In Detention,2025-08-28 23:32:49
AROLDO,,VELASQUEZ-LOPEZ,A607313185,1994-07-20,Chile,Alligator Alcatraz Detention Center,"Everglades, FL",Awaiting Hearing,2025-08-28 23:32:49
ARTURO,,MARTINEZ-MAXIMO,A688935149,1973-09-04,Costa Rica,Palm Beach County Jail,"West Palm Beach, FL",Processing,2025-08-28 23:32:49
ARTURO,MORALES,PEREZ,A472062394,1975-05-20,Panama,Broward Transitional Center,"Pembroke Pines, FL",In Detention,2025-08-28 23:32:49
AXEL,JIMENEZ,PEREZ,A959562653,1976-11-14,El Salvador,Broward Transitional Center,"Pembroke Pines, FL",Awaiting Hearing,2025-08-28 23:32:49
BENITO,HUITZILAC,BOLANOS,A190225089,1971-01-02,Guatemala,Orange County Jail,"Orlando, FL",Processing,2025-08-28 23:32:49
BERNANDINO,,RAMIREZ-BAUTISTA,A166331469,1963-04-19,Argentina,Alligator Alcatraz Detention Center,"Everglades, FL",In Detention,2025-08-28 23:32:49
BLAS,,RIVERA-VARELA,A81840274,1987-11-28,Bolivia,Broward Transitional Center,"Pembroke Pines, FL",Released on Bond,2025-08-28 23:32:49
BOANERGES,GARCIA,CALDERON,A294504135,1976-08-26,Mexico,Alligator Alcatraz Detention Center,"Everglades, FL",Processing,2025-08-28 23:32:49
BORYS,AQUINO,HERRERA,A836814457,1998-01-04,Bolivia,Miami Processing Center,"Miami, FL",Processing,2025-08-28 23:32:49
BOTELLO,,MEDINA-YANES,A685174807,1977-09-10,Bolivia,Florida State Prison,"Starke, FL",Awaiting Hearing,2025-08-28 23:32:49
BRAYAN,CINTO,GERONIMO,A698574290,1973-07-11,Peru,Alligator Alcatraz Detention Center,"Everglades, FL",In Detention,2025-08-28 23:32:49
BRAYDON,,CASH-BROWN,A942825489,1969-09-18,Costa Rica,Broward Transitional Center,"Pembroke Pines, FL",In Detention,2025-08-28 23:32:49
BRE,,MIRANDA-AGUILAR,A44854251,1978-08-24,Chile,Miami Processing Center,"Miami, FL",Awaiting Hearing,2025-08-28 23:32:49
BROLIN,,BARRIOS-ROMERO,A259773327,1961-11-06,Peru,Orange County Jail,"Orlando, FL",Awaiting Deportation,2025-08-28 23:32:49
BYRON,RUANO,RODRIGUEZ,A977266191,1972-04-08,Venezuela,Broward Transitional Center,"Pembroke Pines, FL",Processing,2025-08-28 23:32:49
CARLITO,,GONCALVES,A573117477,1988-03-04,El Salvador,Broward Transitional Center,"Pembroke Pines, FL",Processing,2025-08-28 23:32:49
CARLOS,,COC-MAZ,A243328846,2005-07-25,Colombia,Orange County Jail,"Orlando, FL",Awaiting Deportation,2025-08-28 23:32:49
CARLOS,,ENRIQUE-PERLAZA,A13394312,1972-03-19,Brazil,Florida State Prison,"Starke, FL",Awaiting Deportation,2025-08-28 23:32:49
CARLOS,FUNES,CRUZ,A892660747,1983-07-27,Argentina,Orange County Jail,"Orlando, FL",Awaiting Deportation,2025-08-28 23:32:49
CARLOS,GONZALEZ,QUICHE,A514667335,1977-12-08,Ecuador,Palm Beach County Jail,"West Palm Beach, FL",In Detention,2025-08-28 23:32:49
CARLOS,NAUN VELASQUEZ,VELASQUEZ,A451645923,1963-07-11,Costa Rica,Palm Beach County Jail,"West Palm Beach, FL",Released on Bond,2025-08-28 23:32:49
CARLOS,PARDO,GOMEZ,A194990675,1996-07-27,Costa Rica,Florida State Prison,"Starke, FL",Processing,2025-08-28 23:32:49
CARLOS,RAMIREZ,RAMOS,A580050766,1985-05-18,Panama,Broward Transitional Center,"Pembroke Pines, FL",Processing,2025-08-28 23:32:49
CARLOS,SASNABRIA,GUERRA,A651818573,1985-11-04,Peru,Miami Processing Center,"Miami, FL",Awaiting Hearing,2025-08-28 23:32:49
CARLOS,TELLEZ,LOPEZ,A518737755,1977-10-12,El Salvador,Orange County Jail,"Orlando, FL",Released on Bond,2025-08-28 23:32:49
CARLOS,VELASQUEZ,CRUZ,A912851956,1972-10-22,Costa Rica,Broward Transitional Center,"Pembroke Pines, FL",Processing,2025-08-28 23:32:49
CARSON,,THEODORE-GARTH,A715773761,1983-01-24,Mexico,Broward Transitional Center,"Pembroke Pines, FL",In Detention,2025-08-28 23:32:49
CAYETANO,MONTEJO,DOMINGO,A202378508,1967-04-24,Ecuador,Alligator Alcatraz Detention Center,"Everglades, FL",Awaiting Hearing,2025-08-28 23:32:49
CESAR,CAMAJA,ORDONEZ,A394378810,1979-07-04,Honduras,Miami Processing Center,"Miami, FL",Awaiting Deportation,2025-08-28 23:32:49
CESAR,,GUERRA-GUEVARA,A976046128,2007-03-29,El Salvador,Palm Beach County Jail,"West Palm Beach, FL",Awaiting Deportation,2025-08-28 23:32:49
CESAR,,MONTENEGRO-NAVARRO,A408734150,1996-06-12,Colombia,Broward Transitional Center,"Pembroke Pines, FL",Awaiting Deportation,2025-08-28 23:32:49
CESAR,OMAR,DUARTE,A777761694,1977-11-09,Peru,Broward Transitional Center,"Pembroke Pines, FL",Awaiting Deportation,2025-08-28 23:32:49
CHAD,,VIRTUE,A865017758,2006-05-15,Venezuela,Miami Processing Center,"Miami, FL",Awaiting Hearing,2025-08-28 23:32:49
CHRISTIAN,DUCHE,ALVARADO,A661337453,1991-06-03,Chile,Orange County Jail,"Orlando, FL",Released on Bond,2025-08-28 23:32:49
CHRISTIAN,,JEREZ-QUITIAN,A926966358,1984-10-14,Colombia,Broward Transitional Center,"Pembroke Pines, FL",Released on Bond,2025-08-28 23:32:49
CHRISTIAN,,SANTANA,A647798638,1995-09-27,Honduras,Alligator Alcatraz Detention Center,"Everglades, FL",Processing,2025-08-28 23:32:49
CHRISTOPHER,,ALFONSO-PABON,A876073849,1997-03-31,Mexico,Florida State Prison,"Starke, FL",In Detention,2025-08-28 23:32:49
CHUKWUEBUKA,,ONOH,A795079953,1986-11-12,Brazil,Florida State Prison,"Starke, FL",Released on Bond,2025-08-28 23:32:49
CHUKWUEMEKA,,OKORIE,A866481912,1980-06-24,Bolivia,Alligator Alcatraz Detention Center,"Everglades, FL",Awaiting Deportation,2025-08-28 23:32:49
CLEMENTE,RODRIGUEZ,ALMAZAN,A891142823,1973-10-09,Mexico,Florida State Prison,"Starke, FL",Released on Bond,2025-08-28 23:32:49
CORNELIO,GABRIEL,CALATE,A669704756,1967-09-06,Ecuador,Broward Transitional Center,"Pembroke Pines, FL",Awaiting Deportation,2025-08-28 23:32:49
CRIPSON,RODRIGUEZ,DIAZ,A488457933,2003-12-26,Brazil,Miami Processing Center,"Miami, FL",Awaiting Hearing,2025-08-28 23:32:49
CRISTHIAN,PARRASI,SANTANA,A328216616,1999-07-02,Guatemala,Broward Transitional Center,"Pembroke Pines, FL",In Detention,2025-08-28 23:32:49
CRISTOPHER,,AQUILAR-RECARTE,A21832552,1981-03-04,El Salvador,Miami Processing Center,"Miami, FL",Awaiting Deportation,2025-08-28 23:32:49
DANIEL,ESCOBAR,VASQUEZ,A317685458,1977-07-27,Ecuador,Broward Transitional Center,"Pembroke Pines, FL",Awaiting Deportation,2025-08-28 23:32:49
DANIEL,,LEON-CARMONA,A860531157,1982-06-28,Nicaragua,Alligator Alcatraz Detention Center,"Everglades, FL",Awaiting Deportation,2025-08-28 23:32:49
DANIEL,MUELA,GOMEZ,A288316157,1971-02-27,Mexico,Alligator Alcatraz Detention Center,"Everglades, FL",In Detention,2025-08-28 23:32:49
DANIEL,OROZCO,GOEZ,A517071674,1977-11-29,Peru,Florida State Prison,"Starke, FL",Awaiting Hearing,2025-08-28 23:32:49
DANIEL,ORTIZ,PINEDA,A134240892,1985-10-02,Chile,Orange County Jail,"Orlando, FL",Released on Bond,2025-08-28 23:32:49
DANIEL,,RIVAS-HERNANDEZ,A456939219,1961-08-03,Colombia,Orange County Jail,"Orlando, FL",Awaiting Hearing,2025-08-28 23:32:49
DANIEL,,WINT,A928219410,1961-05-11,Costa Rica,Miami Processing Center,"Miami, FL",In Detention,2025-08-28 23:32:49
DANILO,AQUIRES,LAGUNA,A993649430,1986-01-20,Costa Rica,Miami Processing Center,"Miami, FL",In Detention,2025-08-28 23:32:49
DANILO,,HERNANDEZ-GREGORIO,A469688315,1976-02-08,El Salvador,Miami Processing Center,"Miami, FL",Awaiting Deportation,2025-08-28 23:32:49
DANILO,ICAL,ICO,A547720027,2004-01-01,Costa Rica,Palm Beach County Jail,"West Palm Beach, FL",Released on Bond,2025-08-28 23:32:49
DANNY,VALDEZ,POLANCO,A61498356,1988-05-22,Costa Rica,Florida State Prison,"Starke, FL",Processing,2025-08-28 23:32:49
DANY,,VELASQUEZ-RUIZ,A741334665,1990-08-21,Ecuador,Florida State Prison,"Starke, FL",Released on Bond,2025-08-28 23:32:49
DARIO,NUNEZ,ACOSTA,A575541845,2001-01-27,Brazil,Miami Processing Center,"Miami, FL",Processing,2025-08-28 23:32:49
DARIO,,SALES-MORALES,A190749369,1961-11-28,Nicaragua,Broward Transitional Center,"Pembroke Pines, FL",Awaiting Hearing,2025-08-28 23:32:49
DARWIN,MARTINEZ,DOMINGUEZ,A756983999,1979-07-13,Chile,Florida State Prison,"Starke, FL",Released on Bond,2025-08-28 23:32:49
DAVID,,DOMINGO-GODINEZ,A211894602,2000-08-03,El Salvador,Alligator Alcatraz Detention Center,"Everglades, FL",Released on Bond,2025-08-28 23:32:49
DAVID,MORALES,QUITIAN,A812526113,1991-08-14,Venezuela,Broward Transitional Center,"Pembroke Pines, FL",Processing,2025-08-28 23:32:49
DAVID,,MURAT,A782518316,2003-02-13,Brazil,Orange County Jail,"Orlando, FL",In Detention,2025-08-28 23:32:49
DAVID,SORTO,GALVEZ,A297060996,1975-12-12,Costa Rica,Alligator Alcatraz Detention Center,"Everglades, FL",Released on Bond,2025-08-28 23:32:49
DAYGLE,,SARAVIA-TIJERINO,A563812688,2006-09-10,Peru,Orange County Jail,"Orlando, FL",Processing,2025-08-28 23:32:49
DEIBY,SANCHEZ,SANCHEZ,A284957972,1998-11-19,Ecuador,Florida State Prison,"Starke, FL",In Detention,2025-08-28 23:32:49
DEJAUNE,,SUTHERLAND,A71332565,1997-08-02,Panama,Florida State Prison,"Starke, FL",Awaiting Hearing,2025-08-28 23:32:49
DELFINO,PEREZ,URETA,A531809624,1964-03-03,Honduras,Broward Transitional Center,"Pembroke Pines, FL",Released on Bond,2025-08-28 23:32:49
DENIS,ALCIDES SOLIS,MORALES,A872801508,1995-10-06,Bolivia,Orange County Jail,"Orlando, FL",In Detention,2025-08-28 23:32:49
DENIS,BRAVO,VERA,A898690093,1984-05-03,Ecuador,Miami Processing Center,"Miami, FL",Awaiting Hearing,2025-08-28 23:32:49
DENIS,DURAN,AGUILA,A945360743,1966-04-27,Ecuador,Broward Transitional Center,"Pembroke Pines, FL",Awaiting Hearing,2025-08-28 23:32:49
DENIS,,MERAZ,A452801416,2007-01-02,Honduras,Palm Beach County Jail,"West Palm Beach, FL",Processing,2025-08-28 23:32:49
DENNIS,ELUZAI,TREJO-GUTIERREZ,A877861862,1997-10-09,Honduras,Miami Processing Center,"Miami, FL",Released on Bond,2025-08-28 23:32:49
DEYBIN,,GUZMAN-TORRES,A568902086,1984-06-18,Costa Rica,Alligator Alcatraz Detention Center,"Everglades, FL",Released on Bond,2025-08-28 23:32:49
DIEGO,,BERNAL-VELOZ,A157427184,1995-07-06,Bolivia,Alligator Alcatraz Detention Center,"Everglades, FL",Processing,2025-08-28 23:32:49
DIEGO,CASTELLANOS,MUNOZ,A324949707,1992-02-29,Ecuador,Alligator Alcatraz Detention Center,"Everglades, FL",In Detention,2025-08-28 23:32:49
DIEGO,COMEZ,OUTERREZ,A332804436,1976-06-19,El Salvador,Florida State Prison,"Starke, FL",In Detention,2025-08-28 23:32:49
DIEGO,GIL,CHAVES,A703828511,1977-09-07,Guatemala,Miami Processing Center,"Miami, FL",Processing,2025-08-28 23:32:49
DIEGO,HERRERA,DIAZ,A585970680,1987-05-27,Colombia,Alligator Alcatraz Detention Center,"Everglades, FL",Processing,2025-08-28 23:32:49
DIEGO,JUAREZ,OVIEDO,A206488917,1986-11-14,El Salvador,Palm Beach County Jail,"West Palm Beach, FL",Released on Bond,2025-08-28 23:32:49
DIEGO,,MIGUEL-MATIAS,A20538736,1995-12-30,Colombia,Palm Beach County Jail,"West Palm Beach, FL",Processing,2025-08-28 23:32:49
DIEGO,,RAMIREZ-PEREZ,A77836878,1970-02-03,Mexico,Florida State Prison,"Starke, FL",In Detention,2025-08-28 23:32:49
DOMINGO,,HERNANDEZ-GOMEZ,A268795726,1996-08-14,Honduras,Orange County Jail,"Orlando, FL",Awaiting Deportation,2025-08-28 23:32:49
DOMINGO,ICAL,CHOC,A128179111,1979-03-11,Peru,Miami Processing Center,"Miami, FL",Awaiting Hearing,2025-08-28 23:32:49
DOMINGO,SALAS,MOTA,A128253738,1998-09-08,Colombia,Miami Processing Center,"Miami, FL",Awaiting Hearing,2025-08-28 23:32:49
DONAL,,BERDE-ZERON,A82221758,1998-03-12,Peru,Miami Processing Center,"Miami, FL",In Detention,2025-08-28 23:32:49
DORIAN,,VELASQUEZ,A968656300,1969-07-01,Argentina,Alligator Alcatraz Detention Center,"Everglades, FL",Awaiting Deportation,2025-08-28 23:32:49
DOUGLAS,,CRUZ,A802002917,1978-02-15,Guatemala,Orange County Jail,"Orlando, FL",In Detention,2025-08-28 23:32:49
DUC,,HOANG,A250951332,1975-08-27,Honduras,Miami Processing Center,"Miami, FL",Awaiting Hearing,2025-08-28 23:32:49
DUVIEL,CRESTELO,MARTIN,A831438844,2004-11-01,Panama,Miami Processing Center,"Miami, FL",In Detention,2025-08-28 23:32:49
EDDY,LOPEZ,JEMOT,A418703012,2007-05-25,Argentina,Alligator Alcatraz Detention Center,"Everglades, FL",In Detention,2025-08-28 23:32:49
EDGAR,,ESPINOZA,A26178853,2006-11-11,Colombia,Miami Processing Center,"Miami, FL",Awaiting Hearing,2025-08-28 23:32:49
EDGAR,PEREZ,SAJCHE,A70901243,1995-01-22,Colombia,Alligator Alcatraz Detention Center,"Everglades, FL",In Detention,2025-08-28 23:32:49
EDGAR,PINA,TORRES,A977468751,2007-04-09,Ecuador,Orange County Jail,"Orlando, FL",Awaiting Deportation,2025-08-28 23:32:49
EDGAR,VENTURA,BRAVO,A824776658,1986-02-11,Argentina,Alligator Alcatraz Detention Center,"Everglades, FL",Released on Bond,2025-08-28 23:32:49
EDI,,BARRIOS-URRUTIA,A259986077,2001-01-27,Mexico,Broward Transitional Center,"Pembroke Pines, FL",Awaiting Hearing,2025-08-28 23:32:49
EDMUNDO,RAMIREZ,OLIVERA,A142055885,1978-01-15,El Salvador,Palm Beach County Jail,"West Palm Beach, FL",In Detention,2025-08-28 23:32:49
EDSON,RODRIGUEZ,ESTRADA,A10791339,1969-01-07,Venezuela,Florida State Prison,"Starke, FL",Awaiting Hearing,2025-08-28 23:32:49
EDUARDO,,ACOSTA-DIAZ,A968038232,2000-08-05,Colombia,Broward Transitional Center,"Pembroke Pines, FL",Released on Bond,2025-08-28 23:32:49
EDUARDO,ALVAREZ,HERRERA,A911447838,1979-10-29,Ecuador,Orange County Jail,"Orlando, FL",Awaiting Hearing,2025-08-28 23:32:49
EDUARDO,ALVAREZ,PEREZ,A434901572,1962-01-06,Bolivia,Florida State Prison,"Starke, FL",Awaiting Hearing,2025-08-28 23:32:49
EDUARDO,,CARRILLO-GOMEZ,A456589898,1988-11-19,Mexico,Miami Processing Center,"Miami, FL",Awaiting Hearing,2025-08-28 23:32:49
EDUARDO,,DIEGUEZ-TRESPALACIOS,A660833730,1972-03-20,Brazil,Palm Beach County Jail,"West Palm Beach, FL",Awaiting Deportation,2025-08-28 23:32:49
EDUARDO,,PORTILLO-PORTALES,A996816189,1974-05-29,Ecuador,Florida State Prison,"Starke, FL",Awaiting Deportation,2025-08-28 23:32:49
EDUARDO,,RAMOS,A137344447,1981-01-17,Mexico,Broward Transitional Center,"Pembroke Pines, FL",Awaiting Deportation,2025-08-28 23:32:49
EDUARDO,,TAVERA-MENDOZA,A542822489,1967-07-07,Argentina,Palm Beach County Jail,"West Palm Beach, FL",Awaiting Hearing,2025-08-28 23:32:49
EDWARD,,RODRIGUEZ-TORREALBA,A583288116,1998-05-28,Bolivia,Alligator Alcatraz Detention Center,"Everglades, FL",Awaiting Hearing,2025-08-28 23:32:49
EDWIN,,BARRERA-LOPEZ,A146562867,2003-01-26,Chile,Florida State Prison,"Starke, FL",Awaiting Deportation,2025-08-28 23:32:49
EDWIN,,OBANDO-BELTRAN,A873135976,1972-10-29,Nicaragua,Miami Processing Center,"Miami, FL",Processing,2025-08-28 23:32:49
EFRAIN,,HERNANDEZ-TZUQUEN,A803091863,1989-04-07,Ecuador,Orange County Jail,"Orlando, FL",Awaiting Hearing,2025-08-28 23:32:49
ELDER,HERNANDEZ,MATIAS,A215508231,1971-04-29,Chile,Orange County Jail,"Orlando, FL",Awaiting Hearing,2025-08-28 23:32:49
ELDER,,PEREZ-GARCIA,A926532294,1970-04-27,Brazil,Miami Processing Center,"Miami, FL",Awaiting Hearing,2025-08-28 23:32:49
ELDER,,SANCHEZ-GABRIEL,A712066092,1997-12-20,Bolivia,Florida State Prison,"Starke, FL",Awaiting Deportation,2025-08-28 23:32:49
ELEUTERIO,,MURLLO-GOMEZ,A843073984,1991-02-13,Venezuela,Alligator Alcatraz Detention Center,"Everglades, FL",In Detention,2025-08-28 23:32:49
ELIEBER,BATISTA DA,SILVA,A235431158,1995-08-31,Nicaragua,Orange County Jail,"Orlando, FL",Awaiting Deportation,2025-08-28 23:32:49
ELMAR,,RABANALES-ORIALVA,A119455573,2003-04-26,Panama,Palm Beach County Jail,"West Palm Beach, FL",Awaiting Hearing,2025-08-28 23:32:49
ELMER,,RAMIREZ-MARTIN,A834067891,1978-11-18,Bolivia,Alligator Alcatraz Detention Center,"Everglades, FL",Processing,2025-08-28 23:32:49
ELMER,,SANCHEZ-LOPEZ,A788872560,2005-04-18,Argentina,Broward Transitional Center,"Pembroke Pines, FL",Awaiting Hearing,2025-08-28 23:32:49
ELOY,,MONDRAGON-MERCADO,A506955180,1972-10-16,Panama,Orange County Jail,"Orlando, FL",Awaiting Deportation,2025-08-28 23:32:49
ELTON,,PEREZ-FRANCO,A273475600,2004-11-12,Argentina,Broward Transitional Center,"Pembroke Pines, FL",Released on Bond,2025-08-28 23:32:49
ELVIN,MURCIA,POSADAS,A718046948,1998-10-10,Bolivia,Broward Transitional Center,"Pembroke Pines, FL",Awaiting Deportation,2025-08-28 23:32:49
EMIGDIO,,ROBLERO-PEREZ,A692495069,1962-12-28,Guatemala,Palm Beach County Jail,"West Palm Beach, FL",In Detention,2025-08-28 23:32:49
ENED,,DUVELSAINT,A738883086,1983-05-25,Guatemala,Alligator Alcatraz Detention Center,"Everglades, FL",Awaiting Hearing,2025-08-28 23:32:49
ENRICO,MENDES PRAXEDES,SAAD,A827265688,1985-03-12,Ecuador,Orange County Jail,"Orlando, FL",Awaiting Deportation,2025-08-28 23:32:49
ENRIQUE,ARCE,DIAZ,A624018570,1972-10-20,Peru,Alligator Alcatraz Detention Center,"Everglades, FL",Released on Bond,2025-08-28 23:32:49
ENRIQUE,,LUC-YAT,A73473847,1994-04-15,Colombia,Miami Processing Center,"Miami, FL",Processing,2025-08-28 23:32:49
ENZO,,ASPITE-ARVELAEZ,A281553664,1999-10-20,El Salvador,Orange County Jail,"Orlando, FL",In Detention,2025-08-28 23:32:49
ERASMO,,PEREZ-GODINEZ,A533732186,1993-08-09,El Salvador,Palm Beach County Jail,"West Palm Beach, FL",Awaiting Hearing,2025-08-28 23:32:49
ERBYN,,AGUILAR-LUMBI,A280799786,1972-05-30,Costa Rica,Palm Beach County Jail,"West Palm Beach, FL",In Detention,2025-08-28 23:32:49
ERICK,CARLOS ARTILES,RAMOS,A338069152,1964-11-02,Mexico,Miami Processing Center,"Miami, FL",Awaiting Deportation,2025-08-28 23:32:49
ERLIN,,CRUZ,A187545684,2001-05-01,Venezuela,Broward Transitional Center,"Pembroke Pines, FL",In Detention,2025-08-28 23:32:49
ERNEST,,BROWN,A782533370,1992-07-15,Mexico,Broward Transitional Center,"Pembroke Pines, FL",Awaiting Hearing,2025-08-28 23:32:49
ERNESTO,ALEJANDRO NOA,LEYVA,A128502481,1987-10-29,Mexico,Florida State Prison,"Starke, FL",Awaiting Deportation,2025-08-28 23:32:49
ERNESTO,,PEREZ-LOPEZ,A186501439,2003-05-19,Guatemala,Florida State Prison,"Starke, FL",Processing,2025-08-28 23:32:49
EROS,GUILLEN,MARQUEZ,A999148160,1973-10-23,Colombia,Florida State Prison,"Starke, FL",Processing,2025-08-28 23:32:49
ERROL,,GREEN,A226038266,2001-02-25,Mexico,Broward Transitional Center,"Pembroke Pines, FL",In Detention,2025-08-28 23:32:49
ERVIN,GOMEZ,ROBLERO,A522431368,1963-02-07,El Salvador,Alligator Alcatraz Detention Center,"Everglades, FL",Released on Bond,2025-08-28 23:32:49
ERVIN,HUN,POOU,A531002273,1986-04-30,Ecuador,Miami Processing Center,"Miami, FL",Released on Bond,2025-08-28 23:32:49
ESAU,SOSA,VARGAS,A748131405,1969-12-25,Nicaragua,Alligator Alcatraz Detention Center,"Everglades, FL",Awaiting Deportation,2025-08-28 23:32:49
ESPIRIL,,GOMEZ-VASQUEZ,A970918481,1970-09-19,Costa Rica,Florida State Prison,"Starke, FL",In Detention,2025-08-28 23:32:49
ESTEBAN,,SUAREZ-MELENDEZ,A583486087,1986-04-02,Ecuador,Miami Processing Center,"Miami, FL",Released on Bond,2025-08-28 23:32:49
EUGENIO,DOUQUESNE,MILLET,A16103287,2005-07-16,Chile,Orange County Jail,"Orlando, FL",Awaiting Hearing,2025-08-28 23:32:49
EVEDARDO,,MENENDEZ,A961005925,2003-08-18,Bolivia,Florida State Prison,"Starke, FL",Released on Bond,2025-08-28 23:32:49
EVELIO,MENDEZ,CINTO,A857171357,1997-08-15,Nicaragua,Florida State Prison,"Starke, FL",Awaiting Hearing,2025-08-28 23:32:49
EVGENII,,DIDERIKHS,A79510856,1960-11-25,Colombia,Florida State Prison,"Starke, FL",Processing,2025-08-28 23:32:49
EYNER,PEREZ,MARTINEZ,A94835744,1975-03-06,Guatemala,Alligator Alcatraz Detention Center,"Everglades, FL",Awaiting Deportation,2025-08-28 23:32:49
FABIO,,ARAGAO-TAVARES,A853900068,1979-01-31,Colombia,Miami Processing Center,"Miami, FL",Processing,2025-08-28 23:32:49
FAUSTINO,,RUANO-GONZALEZ,A90807058,1961-04-06,Venezuela,Miami Processing Center,"Miami, FL",Awaiting Hearing,2025-08-28 23:32:49
FAUSTO,,AGUILAR-AGUILAR,A713448721,1998-02-27,Chile,Florida State Prison,"Starke, FL",Released on Bond,2025-08-28 23:32:49
FAVIAN,,MORALES-MARCOS,A12954239,1992-10-27,Chile,Broward Transitional Center,"Pembroke Pines, FL",Released on Bond,2025-08-28 23:32:49
FEDERICO,,CARRILLO-SALES,A19793933,1978-08-18,El Salvador,Alligator Alcatraz Detention Center,"Everglades, FL",In Detention,2025-08-28 23:32:49
FEQUIERE,,PHILISTIN,A828128639,1970-11-03,Mexico,Florida State Prison,"Starke, FL",Released on Bond,2025-08-28 23:32:49
FERNANDO,CHAIRES,ESTRADA,A793784145,1995-07-01,Panama,Broward Transitional Center,"Pembroke Pines, FL",Awaiting Hearing,2025-08-28 23:32:49
FERNANDO,EDUARDO,ARTESE,A515545521,1989-05-23,Panama,Palm Beach County Jail,"West Palm Beach, FL",Released on Bond,2025-08-28 23:32:49
FERNANDO,,LOPEZ-ORTIZ,A862806672,1996-05-19,Chile,Florida State Prison,"Starke, FL",Released on Bond,2025-08-28 23:32:49
FIDEL,HERNANDEZ,RIZO,A993980201,1998-09-27,Panama,Miami Processing Center,"Miami, FL",Released on Bond,2025-08-28 23:32:49
FIDEL,,PEREZ-BARRIOS,A959491932,1983-06-07,Costa Rica,Orange County Jail,"Orlando, FL",Awaiting Deportation,2025-08-28 23:32:49
FLAVIO,,HERNANDEZ-RUIZ,A189650673,1965-09-25,Honduras,Florida State Prison,"Starke, FL",In Detention,2025-08-28 23:32:49
FRANCISCO,,BARAJOS-GARCIA,A992236793,1995-04-07,Chile,Palm Beach County Jail,"West Palm Beach, FL",Released on Bond,2025-08-28 23:32:49
FRANCISCO,GARCIA,RUJANO,A223791551,1968-12-14,Bolivia,Orange County Jail,"Orlando, FL",Awaiting Hearing,2025-08-28 23:32:49
FRANCISCO,HERNANDEZ,HERRERA,A769408452,1970-11-28,Bolivia,Broward Transitional Center,"Pembroke Pines, FL",Awaiting Hearing,2025-08-28 23:32:49
FRANCISCO,,HERNANDEZ-GARCIA,A252975537,2007-03-14,El Salvador,Alligator Alcatraz Detention Center,"Everglades, FL",Processing,2025-08-28 23:32:49
FRANCISCO,,LEDEZMA-CASTILLO,A254835144,1989-02-19,Guatemala,Florida State Prison,"Starke, FL",Awaiting Deportation,2025-08-28 23:32:49
FRANCISCO,,MEJIA,A647689912,1966-09-23,Guatemala,Broward Transitional Center,"Pembroke Pines, FL",In Detention,2025-08-28 23:32:49
FRANCISCO,MENDEZ,REYES,A666755965,1966-11-02,Chile,Miami Processing Center,"Miami, FL",Released on Bond,2025-08-28 23:32:49
FRANCISCO,,PACHECO-JIMENEZ,A769901357,2004-09-16,Brazil,Alligator Alcatraz Detention Center,"Everglades, FL",Released on Bond,2025-08-28 23:32:49
FRANCISCO,,RIOS-CRUZ,A459676571,1999-05-16,Argentina,Florida State Prison,"Starke, FL",Awaiting Hearing,2025-08-28 23:32:49
FRANCISCO,VILORIO,MORLA,A317022756,1985-01-06,Venezuela,Palm Beach County Jail,"West Palm Beach, FL",In Detention,2025-08-28 23:32:49
FRANCK,,DESCOLLINES,A640222532,2004-11-29,Honduras,Palm Beach County Jail,"West Palm Beach, FL",Awaiting Hearing,2025-08-28 23:32:49
FRANCO,ANTONIO MORALES,ESPINOZA,A523327933,2007-02-21,Honduras,Palm Beach County Jail,"West Palm Beach, FL",Released on Bond,2025-08-28 23:32:49
FRANK,ANTONIO,BENJAMIN-CONCEPCION,A520498534,2000-12-20,Peru,Miami Processing Center,"Miami, FL",Processing,2025-08-28 23:32:49
FRANK,GONZALEZ,CUSTODIO,A678632991,2000-07-23,Brazil,Alligator Alcatraz Detention Center,"Everglades, FL",In Detention,2025-08-28 23:32:49
FRANK,,JIMENEZ-DOMINGUEZ,A795218135,2002-07-22,Argentina,Palm Beach County Jail,"West Palm Beach, FL",Processing,2025-08-28 23:32:49
FREDLY,,FORESTAL,A199836208,1962-02-05,Bolivia,Palm Beach County Jail,"West Palm Beach, FL",Awaiting Deportation,2025-08-28 23:32:49
FREDY,SANTOS,AGUILAR,A152684577,2000-12-12,Peru,Florida State Prison,"Starke, FL",Processing,2025-08-28 23:32:49
GABRIEL,ALEJANDRO HERRERA,TORREALBA,A570535097,1982-04-18,El Salvador,Palm Beach County Jail,"West Palm Beach, FL",Awaiting Deportation,2025-08-28 23:32:49
GABRIEL,,HERNANDEZ-ROGEL,A162561926,1966-08-28,Bolivia,Miami Processing Center,"Miami, FL",Awaiting Hearing,2025-08-28 23:32:49
GABRIEL,,SANCHEZ-GATICA,A862965675,1998-05-29,Ecuador,Alligator Alcatraz Detention Center,"Everglades, FL",Awaiting Deportation,2025-08-28 23:32:49
GABRIEL,,SOTO-GUZMAN,A532042992,1986-01-24,El Salvador,Florida State Prison,"Starke, FL",In Detention,2025-08-28 23:32:49
GABRIEL,,TRIMMINGHAM,A305869800,1975-08-21,Honduras,Florida State Prison,"Starke, FL",In Detention,2025-08-28 23:32:49
GAD,GOLDSTEIN,VALDEZ,A36329250,1975-07-19,Ecuador,Miami Processing Center,"Miami, FL",In Detention,2025-08-28 23:32:49
GARRY,,LEANDRE,A150705308,1979-02-13,Ecuador,Palm Beach County Jail,"West Palm Beach, FL",Awaiting Deportation,2025-08-28 23:32:49
GASPAR,PEREZ,JIMENEZ,A283071238,1973-05-20,Peru,Florida State Prison,"Starke, FL",Awaiting Deportation,2025-08-28 23:32:49
GENDERLING,RAYO,TREMINIO,A815764850,2000-09-17,Mexico,Florida State Prison,"Starke, FL",Processing,2025-08-28 23:32:49
GENURO,,SANCHEZ-LOPEZ,A734923861,1976-04-21,Bolivia,Orange County Jail,"Orlando, FL",Processing,2025-08-28 23:32:49
GERALDO,OJEDA,MONTIEL,A243510564,1992-02-01,Argentina,Florida State Prison,"Starke, FL",Awaiting Deportation,2025-08-28 23:32:49
GERARDO,RODRIGUEZ,REYES,A730278539,1961-03-28,El Salvador,Miami Processing Center,"Miami, FL",Awaiting Hearing,2025-08-28 23:32:49
GERMAN,,GONZALES-SERRANO,A242681409,1969-03-28,Bolivia,Miami Processing Center,"Miami, FL",Released on Bond,2025-08-28 23:32:49
GERSON,CATUN,CHEN,A299981152,1965-12-02,Ecuador,Broward Transitional Center,"Pembroke Pines, FL",Awaiting Deportation,2025-08-28 23:32:49
GERSON,,TELLEZ-CHAVEZ,A400760705,1984-12-05,Peru,Miami Processing Center,"Miami, FL",In Detention,2025-08-28 23:32:49
GESER,,SUAZO-SUAZO,A427643521,1974-06-06,Ecuador,Florida State Prison,"Starke, FL",Awaiting Hearing,2025-08-28 23:32:49
GEYSER,SALAS,GARCIA,A382063585,1983-10-12,Nicaragua,Alligator Alcatraz Detention Center,"Everglades, FL",In Detention,2025-08-28 23:32:49
GIANCARLOS,,JEREZ-QUITIAN,A502473902,1978-03-19,Mexico,Alligator Alcatraz Detention Center,"Everglades, FL",Processing,2025-08-28 23:32:49
GILBERT,,CASTOR,A166988724,1965-02-08,Brazil,Palm Beach County Jail,"West Palm Beach, FL",In Detention,2025-08-28 23:32:49
GILBERTO,,PEREZ-SANCHEZ,A299644994,1972-09-28,Costa Rica,Orange County Jail,"Orlando, FL",In Detention,2025-08-28 23:32:49
GILERTO,,GUZMAN-DELACRUZ,A301294743,1974-04-24,Nicaragua,Alligator Alcatraz Detention Center,"Everglades, FL",In Detention,2025-08-28 23:32:49
GILFREDO,,CARVAJAL-CABANA,A870371204,1998-10-05,Argentina,Florida State Prison,"Starke, FL",Released on Bond,2025-08-28 23:32:49
GIOVANNI,,NAVA-HERNANDEZ,A823066765,1962-05-15,Brazil,Palm Beach County Jail,"West Palm Beach, FL",Awaiting Hearing,2025-08-28 23:32:49
GONZALO,,BARTOLO-JIMENEZ,A950490248,1971-03-18,Mexico,Palm Beach County Jail,"West Palm Beach, FL",Processing,2025-08-28 23:32:49
GORGONO,SANCHEZ,SALES,A495390727,2001-05-01,Mexico,Broward Transitional Center,"Pembroke Pines, FL",Awaiting Hearing,2025-08-28 23:32:49
GUILANO,GUSTAVO LIMA,ANAISSI,A339610027,1995-06-13,Honduras,Orange County Jail,"Orlando, FL",Awaiting Deportation,2025-08-28 23:32:49
GUSTAVO,ALEJANDRO EUSEBIO,VASQUEZ,A708212970,1972-03-17,Panama,Palm Beach County Jail,"West Palm Beach, FL",Processing,2025-08-28 23:32:49
GUSTAVO,ARTURO,PUERTA,A771159721,1966-04-25,El Salvador,Florida State Prison,"Starke, FL",In Detention,2025-08-28 23:32:49
GUSTAVO,SANTES,SANTES,A175784137,1991-05-12,Peru,Palm Beach County Jail,"West Palm Beach, FL",Released on Bond,2025-08-28 23:32:49
GUSTAVO,VASQUEZ,MATAMOROS,A854939910,1969-08-22,Chile,Palm Beach County Jail,"West Palm Beach, FL",In Detention,2025-08-28 23:32:49
GUSTAVO,,VICTORIANO-HERNANDEZ,A280660857,1961-04-07,Bolivia,Miami Processing Center,"Miami, FL",Released on Bond,2025-08-28 23:32:49
HAIRON,LAZARO CUETO,ACOSTA,A469478149,2003-10-14,Bolivia,Broward Transitional Center,"Pembroke Pines, FL",Awaiting Deportation,2025-08-28 23:32:49
HARI,,KONERU,A670217988,1981-10-11,Nicaragua,Broward Transitional Center,"Pembroke Pines, FL",Awaiting Hearing,2025-08-28 23:32:49
HARTIN,,ESCORCIA-MARTINEZ,A869838105,1968-03-18,Honduras,Palm Beach County Jail,"West Palm Beach, FL",Processing,2025-08-28 23:32:49
HAZAEL,DIAZ,RAMIREZ,A128252567,1985-07-07,Nicaragua,Florida State Prison,"Starke, FL",Awaiting Deportation,2025-08-28 23:32:49
HEBER,,GOMEZ-MORALES,A457827585,1986-07-02,El Salvador,Orange County Jail,"Orlando, FL",In Detention,2025-08-28 23:32:49
HECTOR,ESPINOSA,CASTRO,A331838959,1989-06-15,Nicaragua,Miami Processing Center,"Miami, FL",Processing,2025-08-28 23:32:49
HECTOR,,GUZMAN-MENDEZ,A790315916,1986-05-29,Nicaragua,Florida State Prison,"Starke, FL",In Detention,2025-08-28 23:32:49
HECTOR,,LOPEZ-HERNANDEZ,A594324242,1970-02-04,Nicaragua,Orange County Jail,"Orlando, FL",In Detention,2025-08-28 23:32:49
HECTOR,MARRERO,PEREZ,A992325116,1992-06-30,Brazil,Miami Processing Center,"Miami, FL",Awaiting Deportation,2025-08-28 23:32:49
HECTOR,,RAMIREZ-TREJO,A250430198,1985-12-14,El Salvador,Miami Processing Center,"Miami, FL",Awaiting Hearing,2025-08-28 23:32:49
HECTOR,,ROA-RAMOS,A983919628,1975-03-19,Brazil,Miami Processing Center,"Miami, FL",In Detention,2025-08-28 23:32:49
HENRY,,LEIVA-SANCHEZ,A763581783,2006-02-03,Colombia,Alligator Alcatraz Detention Center,"Everglades, FL",Awaiting Hearing,2025-08-28 23:32:49
HERDNAN,,MORALES-ESPINOSA,A659429171,2004-12-01,Brazil,Broward Transitional Center,"Pembroke Pines, FL",Processing,2025-08-28 23:32:49
HERNAN,,BACAJOL-NIMAJUAN,A58792817,2005-06-26,Bolivia,Florida State Prison,"Starke, FL",Awaiting Deportation,2025-08-28 23:32:49
HERNAN,CALVO,BUENO,A681475432,1999-03-16,Bolivia,Miami Processing Center,"Miami, FL",Released on Bond,2025-08-28 23:32:49
HONORIO,,TAX-CHAMORRO,A21380825,1973-12-02,Nicaragua,Orange County Jail,"Orlando, FL",In Detention,2025-08-28 23:32:49
HUGO,CHAN,RAFAEL,A834961705,1976-11-13,Venezuela,Orange County Jail,"Orlando, FL",Processing,2025-08-28 23:32:49
IANVARBEK,,MILDZIKHOV,A451089743,2003-05-30,Peru,Miami Processing Center,"Miami, FL",In Detention,2025-08-28 23:32:49
IGOMAR,DE OLIVERA,SANTOS,A795238258,1985-08-07,Argentina,Florida State Prison,"Starke, FL",Awaiting Deportation,2025-08-28 23:32:49
IMRAN,,RZAEV,A560102392,1960-09-14,Venezuela,Broward Transitional Center,"Pembroke Pines, FL",Processing,2025-08-28 23:32:49
INAL,,SEKOV,A536361624,1997-09-28,Brazil,Florida State Prison,"Starke, FL",Awaiting Hearing,2025-08-28 23:32:49
ISABEL,,VASQUEZ-RAMOS,A960717602,1980-11-17,Peru,Broward Transitional Center,"Pembroke Pines, FL",Awaiting Hearing,2025-08-28 23:32:49
ISIDRO,HERNANDEZ,HUITZILAC,A85140735,1988-04-18,Brazil,Alligator Alcatraz Detention Center,"Everglades, FL",Awaiting Hearing,2025-08-28 23:32:49
ISIDRO,MENDOZA,FLORES,A702484066,1980-12-20,Mexico,Florida State Prison,"Starke, FL",Awaiting Deportation,2025-08-28 23:32:49
ISMAEL,,RODRIGUEZ-LOPEZ,A520303872,1970-04-11,Guatemala,Florida State Prison,"Starke, FL",Awaiting Deportation,2025-08-28 23:32:49
ISMAEL,,RUIZ-BAUTISTA,A481739731,2000-01-30,Chile,Florida State Prison,"Starke, FL",Processing,2025-08-28 23:32:49
ISRAEL,AGUILAR,MARTINEZ,A517565604,1962-09-18,Colombia,Florida State Prison,"Starke, FL",In Detention,2025-08-28 23:32:49
ISRAEL,NOPAL,CRUZ,A945586679,1978-01-31,Peru,Alligator Alcatraz Detention Center,"Everglades, FL",Released on Bond,2025-08-28 23:32:49
ISRAEL,SANCHEZ,GABRIEL,A482572650,1985-11-18,Chile,Alligator Alcatraz Detention Center,"Everglades, FL",Awaiting Deportation,2025-08-28 23:32:49
IVAN,ESTEBAN,LOPEZ,A476051995,2003-10-02,Venezuela,Miami Processing Center,"Miami, FL",Awaiting Deportation,2025-08-28 23:32:49
IVAN,,MONCADA,A180092503,1976-01-08,Guatemala,Palm Beach County Jail,"West Palm Beach, FL",Processing,2025-08-28 23:32:49
IVANHOE,,SMESTER,A264085598,1985-02-27,Chile,Palm Beach County Jail,"West Palm Beach, FL",In Detention,2025-08-28 23:32:49
JACINTO,,BRITO-COBO,A81603773,1995-11-15,Nicaragua,Orange County Jail,"Orlando, FL",Released on Bond,2025-08-28 23:32:49
JACINTO,PABLO,PABLO,A220861125,1972-11-14,Mexico,Miami Processing Center,"Miami, FL",Processing,2025-08-28 23:32:49
JADER,,DIAZ-FLORES,A619018712,1980-06-11,Panama,Miami Processing Center,"Miami, FL",In Detention,2025-08-28 23:32:49
JADER,LOPEZ,SOZA,A333206054,1982-11-13,Mexico,Florida State Prison,"Starke, FL",Processing,2025-08-28 23:32:49
JAINS,,JAVIER-CERVANTES,A74746018,2005-04-18,Peru,Miami Processing Center,"Miami, FL",Released on Bond,2025-08-28 23:32:49
JAIRO,CINTO,RUIZ,A305687486,2000-02-20,Bolivia,Broward Transitional Center,"Pembroke Pines, FL",Released on Bond,2025-08-28 23:32:49
JAMES,,BEDOYA-GOMEZ,A952979575,2007-07-25,Ecuador,Orange County Jail,"Orlando, FL",Processing,2025-08-28 23:32:49
JAMES,,PINEDA,A127028365,1982-10-06,Guatemala,Palm Beach County Jail,"West Palm Beach, FL",Released on Bond,2025-08-28 23:32:49
JASON,,MONROE,A875625731,1976-11-03,Mexico,Orange County Jail,"Orlando, FL",Processing,2025-08-28 23:32:49
JAVIER,FLORES,SOLORZANO,A568275123,1970-08-24,Panama,Orange County Jail,"Orlando, FL",Released on Bond,2025-08-28 23:32:49
JAVIER,,OCHOA-PITA,A603265326,1999-01-12,Costa Rica,Broward Transitional Center,"Pembroke Pines, FL",Awaiting Deportation,2025-08-28 23:32:49
JAYBER,SANCHEZ,ARIAS,A206280766,1985-04-29,Argentina,Palm Beach County Jail,"West Palm Beach, FL",Released on Bond,2025-08-28 23:32:49
JEAN,,CHARLES,A872681102,1985-12-29,Brazil,Palm Beach County Jail,"West Palm Beach, FL",Processing,2025-08-28 23:32:49
JEREMI,GONZALEZ,MARVAL,A524990977,1987-07-18,Colombia,Palm Beach County Jail,"West Palm Beach, FL",Awaiting Hearing,2025-08-28 23:32:49
JEREMIAS,RAMIREZ,SANCHEZ,A764808007,2004-05-07,Peru,Broward Transitional Center,"Pembroke Pines, FL",In Detention,2025-08-28 23:32:49
JERSON,MURELLO,FRANCO,A690194389,1974-05-08,Ecuador,Orange County Jail,"Orlando, FL",Awaiting Deportation,2025-08-28 23:32:49
JERSOV,MANRIQUE,GUTIERREZ,A821004576,1994-02-06,Panama,Miami Processing Center,"Miami, FL",Awaiting Hearing,2025-08-28 23:32:49
JESUS,,AGUILAR-RAMIREZ,A71471101,1990-07-27,Mexico,Miami Processing Center,"Miami, FL",Released on Bond,2025-08-28 23:32:49
JESUS,,BARBEITO,A19388292,1990-10-18,Peru,Palm Beach County Jail,"West Palm Beach, FL",Awaiting Hearing,2025-08-28 23:32:49
JESUS,DIAZ,MONTEJO,A352817191,1997-04-05,Peru,Orange County Jail,"Orlando, FL",Awaiting Deportation,2025-08-28 23:32:49
JESUS,,RAMIREZ-TORRES,A75582889,1976-09-17,El Salvador,Florida State Prison,"Starke, FL",Released on Bond,2025-08-28 23:32:49
JESUS,,RUIZ-HERNANDEZ,A563240789,1983-01-06,Nicaragua,Florida State Prison,"Starke, FL",Awaiting Deportation,2025-08-28 23:32:49
JESUS,,SALDANA,A75045567,1976-06-14,Venezuela,Florida State Prison,"Starke, FL",Processing,2025-08-28 23:32:49
JESUS,,VARGAS-DOMINGO,A135922866,1971-04-29,El Salvador,Palm Beach County Jail,"West Palm Beach, FL",Processing,2025-08-28 23:32:49
JEYSSON,VARGAS,QUINTERO,A653076290,2003-01-09,Guatemala,Alligator Alcatraz Detention Center,"Everglades, FL",Awaiting Hearing,2025-08-28 23:32:49
JHON,LONDONO,MORALES,A318605566,1965-04-16,Panama,Alligator Alcatraz Detention Center,"Everglades, FL",Awaiting Deportation,2025-08-28 23:32:49
JHON,MARTINEZ,GAMARRA,A533113682,1975-07-24,Bolivia,Palm Beach County Jail,"West Palm Beach, FL",Released on Bond,2025-08-28 23:32:49
JHON,PALENCIA,PARRA,A920415736,1990-05-13,Bolivia,Orange County Jail,"Orlando, FL",Awaiting Hearing,2025-08-28 23:32:49
JHON,,VILLAMIL-LAMPREA,A74405984,2004-02-26,Chile,Palm Beach County Jail,"West Palm Beach, FL",In Detention,2025-08-28 23:32:49
JHONATHAN,,CHAVEZ,A383815916,1962-06-06,Honduras,Palm Beach County Jail,"West Palm Beach, FL",Released on Bond,2025-08-28 23:32:49
JOAO,MOTA ALVES DOS,SANTOS,A255141941,1969-04-06,El Salvador,Palm Beach County Jail,"West Palm Beach, FL",Awaiting Deportation,2025-08-28 23:32:49
JOAQUIN,MORALES,SURIANO,A811612287,1993-03-10,Argentina,Broward Transitional Center,"Pembroke Pines, FL",Released on Bond,2025-08-28 23:32:49
JOEL,AVILA,ZALDIVAR,A407257007,1963-11-22,El Salvador,Palm Beach County Jail,"West Palm Beach, FL",In Detention,2025-08-28 23:32:49
JOEL,GARZON,BELTRAN,A734946008,1961-08-30,Ecuador,Orange County Jail,"Orlando, FL",Awaiting Deportation,2025-08-28 23:32:49
JOEL,,MANCILLAS-VELASCO,A354012030,1976-08-17,Honduras,Florida State Prison,"Starke, FL",Awaiting Hearing,2025-08-28 23:32:49
JOFRAN,,SANCHEZ-ANGULO,A539156332,1969-12-29,Panama,Miami Processing Center,"Miami, FL",Processing,2025-08-28 23:32:49
JOHN,CARLOS VARGAS,SOLARTE,A742243977,2004-02-25,Chile,Orange County Jail,"Orlando, FL",Released on Bond,2025-08-28 23:32:49
JOHN,,HERNANDEZ-QUINTANA,A538366313,1984-01-05,El Salvador,Broward Transitional Center,"Pembroke Pines, FL",Released on Bond,2025-08-28 23:32:49
JOHNATHAN,RIVERA,MARINO,A223522817,1997-09-08,Peru,Florida State Prison,"Starke, FL",Released on Bond,2025-08-28 23:32:49
JOHNROSS,,GORDON,A47647599,2004-05-17,El Salvador,Alligator Alcatraz Detention Center,"Everglades, FL",Released on Bond,2025-08-28 23:32:49
JONATHAN,CHAVERO,GARCIA,A702658993,1973-09-29,Nicaragua,Alligator Alcatraz Detention Center,"Everglades, FL",In Detention,2025-08-28 23:32:49
JONATHAN,,PEREZ-FELIPE,A416655313,1968-12-09,El Salvador,Florida State Prison,"Starke, FL",Awaiting Hearing,2025-08-28 23:32:49
JONATHAN,,RAMREZ-ARAUZ,A894795361,2002-09-22,Ecuador,Miami Processing Center,"Miami, FL",Awaiting Hearing,2025-08-28 23:32:49
JORDAN,AGUILAR,CLAUDIO,A787055364,1971-07-05,Ecuador,Palm Beach County Jail,"West Palm Beach, FL",Processing,2025-08-28 23:32:49
JORDIN,,CASTILLO-MARQUEZ,A998225627,1969-08-23,Colombia,Orange County Jail,"Orlando, FL",Released on Bond,2025-08-28 23:32:49
JORGE,ALBERTO,MORAN-SALGUERO,A970123686,1966-10-31,Colombia,Miami Processing Center,"Miami, FL",Awaiting Hearing,2025-08-28 23:32:49
JORGE,,ALDAO-GALLARDO,A632063740,1964-06-19,Honduras,Orange County Jail,"Orlando, FL",Awaiting Deportation,2025-08-28 23:32:49
JORGE,,ANGELES-LINARES,A498552066,1991-06-27,Colombia,Orange County Jail,"Orlando, FL",Awaiting Deportation,2025-08-28 23:32:49
JORGE,CALDERIN,HALLUM,A915031571,1963-05-19,El Salvador,Broward Transitional Center,"Pembroke Pines, FL",Awaiting Hearing,2025-08-28 23:32:49
JORGE,,DELGADO-CERVANTES,A200539991,1971-04-22,Peru,Alligator Alcatraz Detention Center,"Everglades, FL",In Detention,2025-08-28 23:32:49
JORGE,ENRIQUE OSORNIO,SAAVEDRA,A859356353,1962-03-24,Bolivia,Palm Beach County Jail,"West Palm Beach, FL",In Detention,2025-08-28 23:32:49
JORGE,GARCIA,MOLINA,A952608545,1989-01-26,Honduras,Palm Beach County Jail,"West Palm Beach, FL",Released on Bond,2025-08-28 23:32:49
JORGE,GARCIA,RODRIGUEZ,A987582776,1969-06-13,Honduras,Florida State Prison,"Starke, FL",In Detention,2025-08-28 23:32:49
JORGE,GONZALEZ-DE,DIOS,A768352448,1999-12-21,Argentina,Orange County Jail,"Orlando, FL",Processing,2025-08-28 23:32:49
JORGE,,GUARCHAJ,A761732959,1975-12-31,Mexico,Florida State Prison,"Starke, FL",In Detention,2025-08-28 23:32:49
JORGE,,HERNANDEZ-CALDERON,A940019039,1987-09-17,Argentina,Palm Beach County Jail,"West Palm Beach, FL",Processing,2025-08-28 23:32:49
JORGE,,NUNEZ-PEREZ,A383976655,1970-05-20,Colombia,Broward Transitional Center,"Pembroke Pines, FL",Released on Bond,2025-08-28 23:32:49
JORGE,,RAMIREZ-CRUZ,A682667588,1978-07-13,El Salvador,Alligator Alcatraz Detention Center,"Everglades, FL",Awaiting Deportation,2025-08-28 23:32:49
JORGE,RAMSES GOMEZ,FIGUEROA,A243640773,1969-11-25,Costa Rica,Orange County Jail,"Orlando, FL",Processing,2025-08-28 23:32:49
JORGE,,ZETINO-CORTEZ,A249791086,1979-12-06,Colombia,Palm Beach County Jail,"West Palm Beach, FL",Awaiting Deportation,2025-08-28 23:32:49
JOSE,,ABREGO-MEJIA,A697154763,2002-07-19,Guatemala,Orange County Jail,"Orlando, FL",In Detention,2025-08-28 23:32:49
JOSE,,AYALA-MORALES,A381099417,1971-10-02,Bolivia,Florida State Prison,"Starke, FL",In Detention,2025-08-28 23:32:49
JOSE,CACERES,GONZALES,A482636806,1960-12-21,Colombia,Palm Beach County Jail,"West Palm Beach, FL",Awaiting Hearing,2025-08-28 23:32:49
JOSE,CONZA,PALADINES,A803770907,1996-08-18,Venezuela,Palm Beach County Jail,"West Palm Beach, FL",Awaiting Deportation,2025-08-28 23:32:49
JOSE,CORTEZ,FERRERA,A323112931,1979-02-28,Ecuador,Broward Transitional Center,"Pembroke Pines, FL",Awaiting Hearing,2025-08-28 23:32:49
JOSE,CRUZ Y,CRUZ,A699288052,1989-09-02,Bolivia,Miami Processing Center,"Miami, FL",In Detention,2025-08-28 23:32:49
JOSE,DANIEL LEDEZMA,LEDEZMA,A472541381,1992-12-14,Colombia,Palm Beach County Jail,"West Palm Beach, FL",Processing,2025-08-28 23:32:49
JOSE,DONALD,VELASQUEZ-RUGAMA,A411579240,2002-06-12,Ecuador,Alligator Alcatraz Detention Center,"Everglades, FL",Awaiting Hearing,2025-08-28 23:32:49
JOSE,FAIFE,BROCHE,A929567905,2000-04-10,Argentina,Alligator Alcatraz Detention Center,"Everglades, FL",Awaiting Hearing,2025-08-28 23:32:49
JOSE,,FORTIN,A483099195,2001-09-05,Venezuela,Broward Transitional Center,"Pembroke Pines, FL",Released on Bond,2025-08-28 23:32:49
JOSE,GARCIA,SANCHEZ,A726753933,2003-02-24,Ecuador,Florida State Prison,"Starke, FL",Awaiting Deportation,2025-08-28 23:32:49
JOSE,,GOMEZ-MIGUEL,A140260105,2005-09-08,Venezuela,Miami Processing Center,"Miami, FL",Released on Bond,2025-08-28 23:32:49
JOSE,,GOVANTES-PAREDES,A41560006,1993-01-31,Guatemala,Florida State Prison,"Starke, FL",Processing,2025-08-28 23:32:49
JOSE,,HERNANDEZ-CRUZ,A42635917,1970-02-15,Guatemala,Palm Beach County Jail,"West Palm Beach, FL",Released on Bond,2025-08-28 23:32:49
JOSE,,HERRERA-AJXUP,A220443539,1978-02-03,Nicaragua,Alligator Alcatraz Detention Center,"Everglades, FL",Awaiting Deportation,2025-08-28 23:32:49
JOSE,JIMENEZ,MORADO,A510821811,2005-10-26,Brazil,Florida State Prison,"Starke, FL",Awaiting Deportation,2025-08-28 23:32:49
JOSE,,JIMENEZ-MARTINEZ,A306475678,1967-11-03,Costa Rica,Florida State Prison,"Starke, FL",Awaiting Deportation,2025-08-28 23:32:49
JOSE,JOVANNY GONZALEZ,LEAL,A184949891,2004-08-05,Bolivia,Palm Beach County Jail,"West Palm Beach, FL",Awaiting Hearing,2025-08-28 23:32:49
JOSE,,LAYNES-JACOBO,A615980123,1992-06-02,Argentina,Broward Transitional Center,"Pembroke Pines, FL",In Detention,2025-08-28 23:32:49
JOSE,LOPEZ,JIMENEZ,A26381170,1980-01-16,Honduras,Broward Transitional Center,"Pembroke Pines, FL",Processing,2025-08-28 23:32:49
JOSE,,LUX-SANTIAGO,A561730266,2005-02-10,Bolivia,Alligator Alcatraz Detention Center,"Everglades, FL",In Detention,2025-08-28 23:32:49
JOSE,MIRANDA DA,SILVA,A116957450,1976-11-23,Mexico,Orange County Jail,"Orlando, FL",Released on Bond,2025-08-28 23:32:49
JOSE,,MONTESINO,A374847582,1984-07-01,Guatemala,Orange County Jail,"Orlando, FL",Released on Bond,2025-08-28 23:32:49
JOSE,,MORALES-TURINO,A180354594,1991-10-20,Mexico,Miami Processing Center,"Miami, FL",Awaiting Hearing,2025-08-28 23:32:49
JOSE,,MURILLO-CASTRO,A616656050,1977-04-10,Argentina,Orange County Jail,"Orlando, FL",In Detention,2025-08-28 23:32:49
JOSE,PALMERO,BAZAN,A650801326,2007-01-01,Bolivia,Broward Transitional Center,"Pembroke Pines, FL",In Detention,2025-08-28 23:32:49
JOSE,,PAREDES-BOXTHA,A221356125,1979-01-23,Bolivia,Orange County Jail,"Orlando, FL",Awaiting Deportation,2025-08-28 23:32:49
JOSE,PERALTA,SANCHEZ,A692015331,1997-12-22,Peru,Palm Beach County Jail,"West Palm Beach, FL",Awaiting Hearing,2025-08-28 23:32:49
JOSE,,PEREZ,A440707641,1984-12-11,Ecuador,Miami Processing Center,"Miami, FL",Awaiting Deportation,2025-08-28 23:32:49
JOSE,,PEREZ-CAMPERO,A842986071,1993-12-28,Peru,Miami Processing Center,"Miami, FL",Released on Bond,2025-08-28 23:32:49
JOSE,PORTILLO,CARDONA,A408717637,1960-12-11,Colombia,Miami Processing Center,"Miami, FL",In Detention,2025-08-28 23:32:49
JOSE,RAFAEL,ULERIO,A732594560,1998-11-08,Peru,Florida State Prison,"Starke, FL",Awaiting Deportation,2025-08-28 23:32:49
JOSE,,RODRIGUEZ-MEJIA,A764069782,1967-10-02,Colombia,Orange County Jail,"Orlando, FL",Released on Bond,2025-08-28 23:32:49
JOSE,,RUBIO-CASARES,A19011982,1980-08-20,Venezuela,Miami Processing Center,"Miami, FL",In Detention,2025-08-28 23:32:49
JOSE,,RUIZ-SALGADO,A643135170,1962-08-13,Ecuador,Orange County Jail,"Orlando, FL",In Detention,2025-08-28 23:32:49
JOSE,SANCHEZ,VARGAS,A109529905,1986-06-07,Costa Rica,Palm Beach County Jail,"West Palm Beach, FL",In Detention,2025-08-28 23:32:49
JOSE,SANTIZ,ABARCA,A589271941,1982-11-09,Bolivia,Palm Beach County Jail,"West Palm Beach, FL",Awaiting Deportation,2025-08-28 23:32:49
JOSE,,TERRONES-GARCIA,A316341344,1971-06-08,Guatemala,Orange County Jail,"Orlando, FL",Awaiting Hearing,2025-08-28 23:32:49
JOSE,TREJO,BELTRAN,A988849220,1984-05-02,El Salvador,Palm Beach County Jail,"West Palm Beach, FL",Awaiting Hearing,2025-08-28 23:32:49
JOSE,,VALLECILLO,A134862264,1980-04-03,Argentina,Palm Beach County Jail,"West Palm Beach, FL",Awaiting Deportation,2025-08-28 23:32:49
JOSUE,,CASTELLANOS-GOMEZ,A581848424,2004-01-26,Costa Rica,Broward Transitional Center,"Pembroke Pines, FL",Awaiting Hearing,2025-08-28 23:32:49
JOVANNY,WILMER CHACON,CLAVIJO,A527461544,1964-06-17,Venezuela,Miami Processing Center,"Miami, FL",Processing,2025-08-28 23:32:49
JUAN,,ABARCA-MARCELINO,A882836591,1989-10-16,Nicaragua,Alligator Alcatraz Detention Center,"Everglades, FL",Awaiting Hearing,2025-08-28 23:32:49
JUAN,ALMANZA-LA,BARCA,A379308246,1991-05-08,Panama,Florida State Prison,"Starke, FL",Awaiting Deportation,2025-08-28 23:32:49
JUAN,ANTONIO,RIVERA-AGUIRIANO,A517886781,1977-12-19,Colombia,Broward Transitional Center,"Pembroke Pines, FL",Awaiting Deportation,2025-08-28 23:32:49
JUAN,ARANGO,MATALLANA,A678364686,1961-01-03,Brazil,Broward Transitional Center,"Pembroke Pines, FL",Processing,2025-08-28 23:32:49
JUAN,,BENAVIDES-GONZALEZ,A94335284,1980-04-14,Colombia,Alligator Alcatraz Detention Center,"Everglades, FL",Released on Bond,2025-08-28 23:32:49
JUAN,,CABALLERO-VALERIO,A727044973,1980-12-29,Brazil,Alligator Alcatraz Detention Center,"Everglades, FL",Released on Bond,2025-08-28 23:32:49
JUAN,,CAC-RAX,A324802744,1984-05-18,Bolivia,Broward Transitional Center,"Pembroke Pines, FL",Processing,2025-08-28 23:32:49
JUAN,CRUZ,CISNERO,A798383769,1977-10-12,Peru,Miami Processing Center,"Miami, FL",In Detention,2025-08-28 23:32:49
JUAN,,FERNANDEZ-COTO,A803181217,1997-01-08,Brazil,Palm Beach County Jail,"West Palm Beach, FL",Processing,2025-08-28 23:32:49
JUAN,GOMEZ DE LA,CRUZ,A163891313,1976-06-10,Nicaragua,Alligator Alcatraz Detention Center,"Everglades, FL",In Detention,2025-08-28 23:32:49
JUAN,GUTIERREZ,SANTIZ,A570558514,2000-02-15,Argentina,Palm Beach County Jail,"West Palm Beach, FL",Awaiting Deportation,2025-08-28 23:32:49
JUAN,,GUZMAN-TOLENTINO,A379191907,1969-10-15,Mexico,Palm Beach County Jail,"West Palm Beach, FL",In Detention,2025-08-28 23:32:49
JUAN,,HERNANDEZ-PEREZ,A350488661,2004-03-01,Argentina,Miami Processing Center,"Miami, FL",Processing,2025-08-28 23:32:49
JUAN,JARAMILLO,VASQUEZ,A843289247,1997-04-25,Chile,Palm Beach County Jail,"West Palm Beach, FL",Awaiting Deportation,2025-08-28 23:32:49
JUAN,JAVIER,GONZALEZ,A901870229,2004-07-24,Chile,Orange County Jail,"Orlando, FL",Awaiting Deportation,2025-08-28 23:32:49
JUAN,,JIMENEZ-LOPEZ,A514995069,1969-05-16,Chile,Alligator Alcatraz Detention Center,"Everglades, FL",Released on Bond,2025-08-28 23:32:49
JUAN,LOZANO SAN,MIGUEL,A784579971,1975-12-30,Bolivia,Miami Processing Center,"Miami, FL",Awaiting Hearing,2025-08-28 23:32:49
JUAN,OSWALDO,RODRIGUEZ-HERNANDEZ,A246608628,1973-12-08,Ecuador,Broward Transitional Center,"Pembroke Pines, FL",In Detention,2025-08-28 23:32:49
JUAN,OXLAJ,ITZEP,A928537327,1971-12-26,Colombia,Orange County Jail,"Orlando, FL",Awaiting Deportation,2025-08-28 23:32:49
JUAN,REQUENA,PEDRA,A105615971,2007-08-21,Venezuela,Broward Transitional Center,"Pembroke Pines, FL",Released on Bond,2025-08-28 23:32:49
JUAN,,RUIZ,A47646866,1968-03-26,El Salvador,Orange County Jail,"Orlando, FL",In Detention,2025-08-28 23:32:49
JUAN,,TOJIN-TIQUIRAM,A413149661,1965-03-02,Venezuela,Alligator Alcatraz Detention Center,"Everglades, FL",Awaiting Deportation,2025-08-28 23:32:49
JUAN,URBINA,TRINIDAD,A879723032,1975-06-12,Nicaragua,Florida State Prison,"Starke, FL",Released on Bond,2025-08-28 23:32:49
JUAN,,US-TUM,A715807953,1972-10-15,Bolivia,Miami Processing Center,"Miami, FL",In Detention,2025-08-28 23:32:49
JUAN,VALDEZ,FLORES,A164607914,1988-01-15,Colombia,Florida State Prison,"Starke, FL",Released on Bond,2025-08-28 23:32:49
JUAN,VARON,OSORIO,A318661991,1985-05-29,Panama,Florida State Prison,"Starke, FL",Released on Bond,2025-08-28 23:32:49
JULIAN,PAULINO,REYNOSO,A367327551,1979-11-13,Costa Rica,Broward Transitional Center,"Pembroke Pines, FL",Awaiting Deportation,2025-08-28 23:32:49
JULIAN,,REYES-BAUTISTA,A994281159,1968-10-01,Guatemala,Alligator Alcatraz Detention Center,"Everglades, FL",Processing,2025-08-28 23:32:49
JULIAN,VAIL,LUCAS,A41889817,1982-05-04,Argentina,Orange County Jail,"Orlando, FL",Processing,2025-08-28 23:32:49
JULIO,DIAS RIBEIRO,CHAVES,A197920432,1994-08-25,Chile,Orange County Jail,"Orlando, FL",Awaiting Deportation,2025-08-28 23:32:49
JULIO,,RIVERA,A714796108,1972-10-03,Chile,Orange County Jail,"Orlando, FL",Awaiting Deportation,2025-08-28 23:32:49
JULIO,SEVA,ARZRADA,A137339062,1992-05-07,Honduras,Florida State Prison,"Starke, FL",Awaiting Deportation,2025-08-28 23:32:49
JUNIOR,,ARREDONDO-ACOSTA,A663632744,1971-08-04,Bolivia,Palm Beach County Jail,"West Palm Beach, FL",Released on Bond,2025-08-28 23:32:49
JUNIOR,JOVEL,TORRES,A157957596,1992-09-15,Honduras,Orange County Jail,"Orlando, FL",Processing,2025-08-28 23:32:49
JUNNIOR,,SOTO-GALVEZ,A413253135,1976-09-14,Argentina,Florida State Prison,"Starke, FL",In Detention,2025-08-28 23:32:49
KEDUIN,GOMEZ,MENJIVAR,A865859711,2006-10-30,Ecuador,Alligator Alcatraz Detention Center,"Everglades, FL",In Detention,2025-08-28 23:32:49
KELVIN,,RODRIGUEZ,A48953681,1996-04-13,Bolivia,Orange County Jail,"Orlando, FL",In Detention,2025-08-28 23:32:49
KENNY,FRANCHI,ALFARO,A892928094,1993-12-31,Venezuela,Miami Processing Center,"Miami, FL",Processing,2025-08-28 23:32:49
KENTON,,SANDS,A988116549,2004-04-30,Panama,Alligator Alcatraz Detention Center,"Everglades, FL",Processing,2025-08-28 23:32:49
KERSON,,THEODORE-GARTH,A32236150,1978-12-25,Chile,Palm Beach County Jail,"West Palm Beach, FL",Processing,2025-08-28 23:32:49
KEVIN,,GUEVARA-CAMAJA,A555795142,1995-03-30,Guatemala,Florida State Prison,"Starke, FL",In Detention,2025-08-28 23:32:49
KEVIN,,ORELLANO,A849157377,1975-11-30,Bolivia,Broward Transitional Center,"Pembroke Pines, FL",Processing,2025-08-28 23:32:49
KEVIN,RUIZ,REYES,A244430993,1988-09-14,Bolivia,Florida State Prison,"Starke, FL",Awaiting Deportation,2025-08-28 23:32:49
KEVIN,VASQUEZ,HERNANDEZ,A875184832,1976-10-19,Panama,Palm Beach County Jail,"West Palm Beach, FL",Awaiting Deportation,2025-08-28 23:32:49
KEYSER,ALEXI SOJO,MONSALVE,A361399578,2006-04-04,Chile,Palm Beach County Jail,"West Palm Beach, FL",Processing,2025-08-28 23:32:49
KINSKE,SAINT,VILUS,A749117600,1973-03-02,Panama,Alligator Alcatraz Detention Center,"Everglades, FL",Awaiting Deportation,2025-08-28 23:32:49
LAURO,MARTINEZ,ROQUE,A747135386,1969-05-09,Mexico,Alligator Alcatraz Detention Center,"Everglades, FL",Released on Bond,2025-08-28 23:32:49
LAZARO,BARBARO ALVAREZ,VAZQUEZ,A619507689,1996-05-21,Mexico,Alligator Alcatraz Detention Center,"Everglades, FL",In Detention,2025-08-28 23:32:49
LAZARO,ROOROUEZ,SANTANA,A903471381,1986-12-13,Peru,Broward Transitional Center,"Pembroke Pines, FL",In Detention,2025-08-28 23:32:49
LEAMSY,IZQUIERDO,MOLINA,A569292658,1986-11-06,Colombia,Palm Beach County Jail,"West Palm Beach, FL",Awaiting Deportation,2025-08-28 23:32:49
LEOMAR,JOSE,GUDINO-TERAN,A80735091,2006-02-19,Bolivia,Florida State Prison,"Starke, FL",Released on Bond,2025-08-28 23:32:49
LEONARDO,,MEDINA-SALAZAR,A458100980,1989-07-30,Nicaragua,Miami Processing Center,"Miami, FL",Processing,2025-08-28 23:32:49
LEOPOLDO,RODRIGUEZ,RODRIGUEZ,A485888485,1992-10-04,Mexico,Orange County Jail,"Orlando, FL",Awaiting Deportation,2025-08-28 23:32:49
LESTER,COMPA,MARTINEZ,A223905402,1964-02-21,Chile,Palm Beach County Jail,"West Palm Beach, FL",Awaiting Deportation,2025-08-28 23:32:49
LESTER,COSTANSA,ESCOBAR,A868765871,2002-09-25,El Salvador,Miami Processing Center,"Miami, FL",Awaiting Hearing,2025-08-28 23:32:49
LINO,TIXI,PUNINA,A449927654,1995-12-18,Guatemala,Orange County Jail,"Orlando, FL",Processing,2025-08-28 23:32:49
LINSINI,,MASSILLON,A853379588,1962-07-08,Chile,Broward Transitional Center,"Pembroke Pines, FL",In Detention,2025-08-28 23:32:49
LUCAS,CATUN,YAT,A312864294,1965-03-31,Honduras,Palm Beach County Jail,"West Palm Beach, FL",Awaiting Deportation,2025-08-28 23:32:49
LUCAS,NAVA,AHUEXOTECO,A754196601,1975-03-10,Mexico,Broward Transitional Center,"Pembroke Pines, FL",In Detention,2025-08-28 23:32:49
LUCIANO,DE,SOUZA-MANGO,A762088388,1967-09-06,El Salvador,Miami Processing Center,"Miami, FL",Awaiting Deportation,2025-08-28 23:32:49
LUCIANO,,ZARATE,A426665528,1961-05-10,Venezuela,Alligator Alcatraz Detention Center,"Everglades, FL",Released on Bond,2025-08-28 23:32:49
LUCIO,,HERNANDEZ-ITZEL,A187135599,2004-08-04,Venezuela,Palm Beach County Jail,"West Palm Beach, FL",Awaiting Deportation,2025-08-28 23:32:49
LUCKNERSON,,SAINT-PHARD,A710619681,1991-08-20,El Salvador,Broward Transitional Center,"Pembroke Pines, FL",Awaiting Hearing,2025-08-28 23:32:49
LUDYN,ESCOBAR,VASQUEZ,A73106195,1984-01-19,Peru,Broward Transitional Center,"Pembroke Pines, FL",In Detention,2025-08-28 23:32:49
LUIS,ANTONIO PAULINO,TAVERAS,A549641720,1962-06-24,Peru,Florida State Prison,"Starke, FL",Awaiting Hearing,2025-08-28 23:32:49
LUIS,ARAGON,AGUILA,A670293656,1978-04-01,Mexico,Florida State Prison,"Starke, FL",Awaiting Hearing,2025-08-28 23:32:49
LUIS,,CARRASCO-ANZOLA,A751384715,2003-12-17,Brazil,Broward Transitional Center,"Pembroke Pines, FL",Processing,2025-08-28 23:32:49
LUIS,CHAMORRO,LUNA,A552012723,2000-01-11,Brazil,Broward Transitional Center,"Pembroke Pines, FL",Awaiting Hearing,2025-08-28 23:32:49
LUIS,DONALDO,CORADO,A414264747,1977-12-31,El Salvador,Florida State Prison,"Starke, FL",In Detention,2025-08-28 23:32:49
LUIS,ESCOBAR,SALAZAR,A689992320,1970-08-11,Peru,Miami Processing Center,"Miami, FL",Processing,2025-08-28 23:32:49
LUIS,GASTON,SANCHEZ,A516225172,1973-11-04,Brazil,Miami Processing Center,"Miami, FL",Awaiting Hearing,2025-08-28 23:32:49
LUIS,,GOMEZ-VASQUEZ,A951597961,2002-04-17,Venezuela,Florida State Prison,"Starke, FL",Awaiting Hearing,2025-08-28 23:32:49
LUIS,,GUZMAN-CENTENO,A718083973,1968-10-24,Venezuela,Alligator Alcatraz Detention Center,"Everglades, FL",In Detention,2025-08-28 23:32:49
LUIS,HUMBERTO MORALES,MARTINEZ,A513787956,2001-08-26,Chile,Florida State Prison,"Starke, FL",In Detention,2025-08-28 23:32:49
LUIS,,LEZAMA-RAMIREZ,A341655464,1979-09-01,Brazil,Alligator Alcatraz Detention Center,"Everglades, FL",Awaiting Deportation,2025-08-28 23:32:49
LUIS,,MERIDA-CANO,A942048549,1964-08-26,Chile,Florida State Prison,"Starke, FL",Processing,2025-08-28 23:32:49
LUIS,,MORALES,A399531633,1980-12-18,Costa Rica,Miami Processing Center,"Miami, FL",Awaiting Deportation,2025-08-28 23:32:49
LUIS,PONCE,MEMBRENO,A223413791,1999-10-20,Panama,Orange County Jail,"Orlando, FL",In Detention,2025-08-28 23:32:49
LUIS,,RAPALO-ORELLANA,A608024471,2002-07-29,El Salvador,Miami Processing Center,"Miami, FL",Awaiting Hearing,2025-08-28 23:32:49
LUIS,,REYES-REYES,A468984593,1989-01-27,Ecuador,Orange County Jail,"Orlando, FL",In Detention,2025-08-28 23:32:49
LUIS,RODRIGUEZ,PETRILLO,A793592769,1995-09-04,Bolivia,Broward Transitional Center,"Pembroke Pines, FL",Awaiting Hearing,2025-08-28 23:32:49
MAGUIBER,,GARCIA-DOMINGO,A367002243,1976-06-08,Chile,Orange County Jail,"Orlando, FL",Awaiting Hearing,2025-08-28 23:32:49
MAIKEL,,AMADOR-DIAZ,A289136301,1975-10-22,Ecuador,Miami Processing Center,"Miami, FL",Awaiting Deportation,2025-08-28 23:32:49
MAIKEL,WILLIAM,MILIAN-TALAVERA,A32645307,2006-12-21,Guatemala,Broward Transitional Center,"Pembroke Pines, FL",Released on Bond,2025-08-28 23:32:49
MAIKOL,YOEL BLANCO,TRAVIESO,A970492941,1995-06-17,Venezuela,Florida State Prison,"Starke, FL",Awaiting Hearing,2025-08-28 23:32:49
MALAGON-MENDOZA,,CECILIO,A614271532,1969-07-03,Honduras,Palm Beach County Jail,"West Palm Beach, FL",Awaiting Hearing,2025-08-28 23:32:49
MANAURY,,OLIVAREZ-GEORGE,A798859089,1994-05-23,Costa Rica,Broward Transitional Center,"Pembroke Pines, FL",Awaiting Hearing,2025-08-28 23:32:49
MANUEL,ESTRADA,ESTRADA,A196147873,1974-09-26,Mexico,Broward Transitional Center,"Pembroke Pines, FL",Released on Bond,2025-08-28 23:32:49
MANUEL,,ORDONEZ-MENDOZA,A738837713,1964-04-29,Colombia,Broward Transitional Center,"Pembroke Pines, FL",Awaiting Hearing,2025-08-28 23:32:49
MANUEL,,YAXCAL-BA,A217775472,1961-04-12,El Salvador,Orange County Jail,"Orlando, FL",Processing,2025-08-28 23:32:49
MARCELINO,,HERNANDEZ-BELLO,A887777350,1966-09-04,Brazil,Alligator Alcatraz Detention Center,"Everglades, FL",In Detention,2025-08-28 23:32:49
MARCELO,SVADA,COSTA,A737206924,1979-07-17,Venezuela,Palm Beach County Jail,"West Palm Beach, FL",Processing,2025-08-28 23:32:49
MARCO,ARTEMIO SOLIS,HERNANDEZ,A461465091,1973-09-08,Panama,Broward Transitional Center,"Pembroke Pines, FL",Released on Bond,2025-08-28 23:32:49
MARCO,,GONZALEZ-CASTILLO,A196353308,1990-12-24,Colombia,Orange County Jail,"Orlando, FL",In Detention,2025-08-28 23:32:49
MARCOS,OLIVERA,LEON,A683003117,2000-06-10,Colombia,Florida State Prison,"Starke, FL",Awaiting Deportation,2025-08-28 23:32:49
MARCOS,PUIG,RODRIGUEZ,A607854118,1973-06-15,Ecuador,Broward Transitional Center,"Pembroke Pines, FL",Processing,2025-08-28 23:32:49
MARCOS,,REYES-GOMEZ,A742530950,1982-02-10,Venezuela,Orange County Jail,"Orlando, FL",Released on Bond,2025-08-28 23:32:49
MARDIN,DE,LEON-CARRILLO,A501892708,1979-04-29,Costa Rica,Alligator Alcatraz Detention Center,"Everglades, FL",Processing,2025-08-28 23:32:49
MARIANO,,CARRILLO-ESCOBEDO,A608259586,2001-04-12,Chile,Broward Transitional Center,"Pembroke Pines, FL",Processing,2025-08-28 23:32:49
MARIN,,ARRIAGA-LOPEZ,A441106227,1973-09-08,Guatemala,Palm Beach County Jail,"West Palm Beach, FL",Awaiting Deportation,2025-08-28 23:32:49
MARIO,DAVID MENDEZ,PEREZ,A242541643,2000-11-01,Panama,Palm Beach County Jail,"West Palm Beach, FL",Released on Bond,2025-08-28 23:32:49
MARIO,GARCIA,TEJADA,A508816980,1986-04-25,Colombia,Palm Beach County Jail,"West Palm Beach, FL",In Detention,2025-08-28 23:32:49
MARIO,JIMENEZ,FUENTES,A212097370,1975-10-31,Mexico,Miami Processing Center,"Miami, FL",Awaiting Deportation,2025-08-28 23:32:49
MARIO,REVES,REYES,A678960853,1999-04-21,Bolivia,Orange County Jail,"Orlando, FL",Awaiting Deportation,2025-08-28 23:32:49
MARIO,,RODRIGUEZ-HERNANDEZ,A780451784,1986-09-29,Bolivia,Miami Processing Center,"Miami, FL",Awaiting Hearing,2025-08-28 23:32:49
MARLON,LLERENA,SORIZ,A937375783,2004-03-16,Costa Rica,Orange County Jail,"Orlando, FL",In Detention,2025-08-28 23:32:49
MAROS,,FLORES-SANCHEZ,A699023916,1978-11-15,Venezuela,Miami Processing Center,"Miami, FL",Awaiting Deportation,2025-08-28 23:32:49
MARVIN,MAGANA,MADRID,A341818149,1976-05-30,Costa Rica,Palm Beach County Jail,"West Palm Beach, FL",In Detention,2025-08-28 23:32:49
MARVIN,,ROMERO-VELASQUEZ,A89800327,1974-02-05,Ecuador,Orange County Jail,"Orlando, FL",In Detention,2025-08-28 23:32:49
MATEO,,GONZALEZ-REYES,A875915693,1988-09-02,Argentina,Palm Beach County Jail,"West Palm Beach, FL",Awaiting Deportation,2025-08-28 23:32:49
MATEO,LUIS,JESUS,A459608344,2007-07-13,Colombia,Orange County Jail,"Orlando, FL",Awaiting Deportation,2025-08-28 23:32:49
MATEO,PEREZ,MARTINEZ,A78441660,1971-03-26,Nicaragua,Alligator Alcatraz Detention Center,"Everglades, FL",Awaiting Hearing,2025-08-28 23:32:49
MATHEUS,,MACEDO-ARAGAO,A625141964,2005-04-13,Guatemala,Miami Processing Center,"Miami, FL",Released on Bond,2025-08-28 23:32:49
MATIAS,ALONZO,ANDRES,A760215641,1965-10-09,Guatemala,Palm Beach County Jail,"West Palm Beach, FL",Processing,2025-08-28 23:32:49
MATILDE,,JIMON-CASTILLO,A874133425,1972-01-04,Venezuela,Orange County Jail,"Orlando, FL",Processing,2025-08-28 23:32:49
MAURICIO,CELESTINO,DIAS,A808660288,1963-12-21,Honduras,Alligator Alcatraz Detention Center,"Everglades, FL",Awaiting Hearing,2025-08-28 23:32:49
MAURICIO,CHAVEZ,ROMERO,A975650517,1986-10-20,Chile,Miami Processing Center,"Miami, FL",Processing,2025-08-28 23:32:49
MAURILIO,,CAAL-ICAL,A666292499,1975-03-01,Chile,Orange County Jail,"Orlando, FL",In Detention,2025-08-28 23:32:49
MAYNOR,DIAZ,HERNANDEZ,A188984915,1968-02-08,Colombia,Alligator Alcatraz Detention Center,"Everglades, FL",Released on Bond,2025-08-28 23:32:49
MAYRO,AQUILERA,SANCHEZ,A232888259,1991-03-21,Nicaragua,Palm Beach County Jail,"West Palm Beach, FL",Released on Bond,2025-08-28 23:32:49
MELVIN,,SILVA-CABALLERO,A662239260,2007-04-26,Venezuela,Alligator Alcatraz Detention Center,"Everglades, FL",Awaiting Deportation,2025-08-28 23:32:49
MELVIN,,XOL-PANA,A848469970,1996-01-05,Venezuela,Broward Transitional Center,"Pembroke Pines, FL",In Detention,2025-08-28 23:32:49
MEYVIN,JIMENEZ,AMAYA,A739376258,1970-01-17,Argentina,Broward Transitional Center,"Pembroke Pines, FL",Awaiting Deportation,2025-08-28 23:32:49
MICHAEL,,AVALO-MELENDEZ,A669147391,1992-11-02,Ecuador,Palm Beach County Jail,"West Palm Beach, FL",In Detention,2025-08-28 23:32:49
MICHAEL,BORREGO,FERNANDEZ,A909936265,1963-08-06,Argentina,Broward Transitional Center,"Pembroke Pines, FL",Awaiting Hearing,2025-08-28 23:32:49
MICHAEL,,GREENLAND,A986335932,1995-01-28,Chile,Palm Beach County Jail,"West Palm Beach, FL",Awaiting Hearing,2025-08-28 23:32:49
MICHEL,SEGUNDO,FELIX,A318806024,1974-12-01,El Salvador,Broward Transitional Center,"Pembroke Pines, FL",In Detention,2025-08-28 23:32:49
MIGUEL,ANTONIO HERNANDEZ,GOMEZ,A442152852,1994-12-30,Mexico,Orange County Jail,"Orlando, FL",Processing,2025-08-28 23:32:49
MIGUEL,,ARGUETA,A931075913,1987-05-24,Argentina,Orange County Jail,"Orlando, FL",Processing,2025-08-28 23:32:49
MIGUEL,,CASTRO-LOPEZ,A611404843,1974-11-26,Guatemala,Miami Processing Center,"Miami, FL",Awaiting Deportation,2025-08-28 23:32:49
MIGUEL,GOMEZ,PEREZ,A797666656,1978-03-10,El Salvador,Florida State Prison,"Starke, FL",Awaiting Hearing,2025-08-28 23:32:49
MIGUEL,HERNANDEZ,PONCIANO,A18000431,1971-01-18,Panama,Palm Beach County Jail,"West Palm Beach, FL",Awaiting Deportation,2025-08-28 23:32:49
MIGUEL,,RIOS-PEREZ,A553926866,1985-01-31,Mexico,Orange County Jail,"Orlando, FL",Processing,2025-08-28 23:32:49
MIGUEL,TEJADA,FRANCISCO,A315282705,2001-05-02,Ecuador,Palm Beach County Jail,"West Palm Beach, FL",Awaiting Hearing,2025-08-28 23:32:49
MIHAI,,TRAILA,A820073864,1984-05-12,El Salvador,Alligator Alcatraz Detention Center,"Everglades, FL",Awaiting Hearing,2025-08-28 23:32:49
MILTON,,GABRIEL-RAMIREZ,A762345403,1976-12-30,Brazil,Miami Processing Center,"Miami, FL",Processing,2025-08-28 23:32:49
MILTON,,LANZA-MARQUEZ,A271287944,1975-05-13,Venezuela,Orange County Jail,"Orlando, FL",Awaiting Deportation,2025-08-28 23:32:49
MISAEL,BAUTISTA,MARCOS,A417266934,1978-10-14,Panama,Miami Processing Center,"Miami, FL",Awaiting Hearing,2025-08-28 23:32:49
MODESTO,RODRIGUEZ -,HERNANDEZ,A333003345,1992-07-26,Ecuador,Orange County Jail,"Orlando, FL",Awaiting Deportation,2025-08-28 23:32:49
MOHAMED,NAGY ALI AHMED,ELSROUGY,A268960604,2004-04-13,Chile,Miami Processing Center,"Miami, FL",In Detention,2025-08-28 23:32:49
MOISES,G MARTINEZ,CORNELIO,A371883094,1981-06-24,Nicaragua,Orange County Jail,"Orlando, FL",In Detention,2025-08-28 23:32:49
MUHIDDIN,SALIMOVICH,MADAMINOV,A457507452,1999-11-04,El Salvador,Miami Processing Center,"Miami, FL",Processing,2025-08-28 23:32:49
MYNOR,,XOC-PACAY,A352896879,1992-11-10,Mexico,Miami Processing Center,"Miami, FL",In Detention,2025-08-28 23:32:49
NELSON,CHACON,GALICIA,A912653333,1996-03-13,Venezuela,Miami Processing Center,"Miami, FL",In Detention,2025-08-28 23:32:49
NELSON,ROSELLO,BRITO,A406641783,1968-02-15,Panama,Miami Processing Center,"Miami, FL",Released on Bond,2025-08-28 23:32:49
NEPTALI,PEREZ,CORONADO,A674783196,2003-07-10,Ecuador,Broward Transitional Center,"Pembroke Pines, FL",In Detention,2025-08-28 23:32:49
NEUDIN,,GOMEZ-MONTEJO,A793761866,1979-03-20,Brazil,Palm Beach County Jail,"West Palm Beach, FL",Processing,2025-08-28 23:32:49
NEURY,,CASTRO-DOMINGUEZ,A634610508,1960-11-27,Colombia,Orange County Jail,"Orlando, FL",Awaiting Hearing,2025-08-28 23:32:49
NEVILLE,ANDREW,MEIKLE,A382685225,1985-05-15,Colombia,Florida State Prison,"Starke, FL",In Detention,2025-08-28 23:32:49
NICHOLAS,VALENCIA,HERNANDEZ,A51865968,1992-12-01,Bolivia,Palm Beach County Jail,"West Palm Beach, FL",Awaiting Deportation,2025-08-28 23:32:49
NICODEMO,GARCIA,PEREZ,A914621882,1986-09-17,Mexico,Alligator Alcatraz Detention Center,"Everglades, FL",Awaiting Deportation,2025-08-28 23:32:49
NICOLAS,ESBIR,MIRANDA,A146802851,2004-04-27,Honduras,Miami Processing Center,"Miami, FL",Awaiting Hearing,2025-08-28 23:32:49
NIXON,,NAVARRO-RIOS,A801152733,1997-07-28,Peru,Florida State Prison,"Starke, FL",Released on Bond,2025-08-28 23:32:49
NOE,,TEJADA-GUILLEN,A607815565,1962-11-26,Guatemala,Florida State Prison,"Starke, FL",In Detention,2025-08-28 23:32:49
NOEL,GATO,ECHEVARRA,A692867649,1976-01-09,El Salvador,Broward Transitional Center,"Pembroke Pines, FL",In Detention,2025-08-28 23:32:49
NORGES,SANDO,RIERA,A783895729,1993-01-03,Mexico,Miami Processing Center,"Miami, FL",In Detention,2025-08-28 23:32:49
OLIVER,,EVANGELISTA-LINAREZ,A908554242,1992-09-22,Honduras,Broward Transitional Center,"Pembroke Pines, FL",Awaiting Hearing,2025-08-28 23:32:49
OMAR,,NAVARRO-LASO,A436946606,1987-02-01,Nicaragua,Orange County Jail,"Orlando, FL",Released on Bond,2025-08-28 23:32:49
OMAR,SALAS,ROJAS,A367559250,2002-03-30,Costa Rica,Orange County Jail,"Orlando, FL",In Detention,2025-08-28 23:32:49
ORANGEL,ANTONIO GUEDEZ,DURAN,A162646687,2005-02-24,Nicaragua,Orange County Jail,"Orlando, FL",Awaiting Hearing,2025-08-28 23:32:49
ORDULIO,,CLAUDIO-ORDONEZ,A778115959,1963-03-05,Mexico,Palm Beach County Jail,"West Palm Beach, FL",Released on Bond,2025-08-28 23:32:49
ORLANDO,,ASCENCION-SANCHEZ,A459966687,1978-07-19,Chile,Orange County Jail,"Orlando, FL",Awaiting Hearing,2025-08-28 23:32:49
ORLANDO,,RIVERA-MAYORGA,A501595338,1980-10-05,Colombia,Florida State Prison,"Starke, FL",Released on Bond,2025-08-28 23:32:49
ORLEN,,ALEMAN-MEJIA,A679413929,1991-10-01,Guatemala,Broward Transitional Center,"Pembroke Pines, FL",Awaiting Hearing,2025-08-28 23:32:49
ORLIN,MOISES,GARCIA-HERNANDEZ,A617225287,2006-06-11,Bolivia,Broward Transitional Center,"Pembroke Pines, FL",In Detention,2025-08-28 23:32:49
OSCAR,,BATZ-HUB,A341162425,1979-07-26,Argentina,Miami Processing Center,"Miami, FL",Awaiting Hearing,2025-08-28 23:32:49
OSCAR,,CHINO-RODRIGUEZ,A135852292,1964-02-21,Bolivia,Broward Transitional Center,"Pembroke Pines, FL",Released on Bond,2025-08-28 23:32:49
OSCAR,SANCHEZ,MENDOZA,A422113562,1976-08-27,Brazil,Miami Processing Center,"Miami, FL",Awaiting Deportation,2025-08-28 23:32:49
OSIEL,BAUTISTA,OLIVEROS,A32546930,1979-08-30,Guatemala,Broward Transitional Center,"Pembroke Pines, FL",Awaiting Hearing,2025-08-28 23:32:49
OSMEL,,RODRIGUEZ-GAMEZ,A915263113,1979-10-06,Colombia,Broward Transitional Center,"Pembroke Pines, FL",Awaiting Deportation,2025-08-28 23:32:49
OSVALDO,,HIDALGO,A788313998,1984-05-07,Nicaragua,Orange County Jail,"Orlando, FL",Released on Bond,2025-08-28 23:32:49
OSVALDO,,MONDRAGON-GUERRERO,A771287791,2002-11-09,Colombia,Broward Transitional Center,"Pembroke Pines, FL",Processing,2025-08-28 23:32:49
OSVALDO,,NAVA-SANCHEZ,A19785270,1985-09-22,Ecuador,Palm Beach County Jail,"West Palm Beach, FL",Processing,2025-08-28 23:32:49
OSWAL,,MARTINEZ,A883676816,2006-08-29,Chile,Florida State Prison,"Starke, FL",Processing,2025-08-28 23:32:49
OSWALDO,MATEO,VAIL,A494506298,1966-01-27,Brazil,Alligator Alcatraz Detention Center,"Everglades, FL",Released on Bond,2025-08-28 23:32:49
OSWALDO,,VASQUEZ-AQUILAR,A710327597,1962-08-09,Honduras,Alligator Alcatraz Detention Center,"Everglades, FL",Processing,2025-08-28 23:32:49
PABLO,,CASTRO,A56204440,1984-11-01,El Salvador,Orange County Jail,"Orlando, FL",In Detention,2025-08-28 23:32:49
PABLO,,GOMEZ-GOMEZ,A669488412,2004-02-16,Mexico,Alligator Alcatraz Detention Center,"Everglades, FL",Processing,2025-08-28 23:32:49
PABLO,HERNANDEZ,MAIRENA,A23043276,1987-10-04,Guatemala,Palm Beach County Jail,"West Palm Beach, FL",Awaiting Hearing,2025-08-28 23:32:49
PABLO,,MARTINEZ-MEJIA,A880049210,1990-02-16,Ecuador,Florida State Prison,"Starke, FL",Awaiting Deportation,2025-08-28 23:32:49
PAULIUS,,JACQUET,A430457731,1969-05-16,Costa Rica,Palm Beach County Jail,"West Palm Beach, FL",Awaiting Deportation,2025-08-28 23:32:49
PEDRO,CACAPAVA,NEVES,A338280394,2005-11-23,Brazil,Miami Processing Center,"Miami, FL",Processing,2025-08-28 23:32:49
PEDRO,CORRALES,LOPEZ,A68846274,1995-04-13,Mexico,Miami Processing Center,"Miami, FL",Awaiting Hearing,2025-08-28 23:32:49
PEDRO,DE LA CRUZ,GARCIA,A846692042,1976-05-16,Argentina,Florida State Prison,"Starke, FL",In Detention,2025-08-28 23:32:49
PEDRO,DIAZ,FRANCISCO,A80027861,1970-07-23,Venezuela,Broward Transitional Center,"Pembroke Pines, FL",Released on Bond,2025-08-28 23:32:49
PEDRO,,FLOREZ-ECIDRO,A330540632,1961-03-07,Peru,Palm Beach County Jail,"West Palm Beach, FL",Awaiting Deportation,2025-08-28 23:32:49
PEDRO,,GARCIA-PASQUAL,A143148352,1969-03-21,Colombia,Miami Processing Center,"Miami, FL",Processing,2025-08-28 23:32:49
PEDRO,HERNANDEZ,MARTINEZ,A413372721,1989-12-19,Costa Rica,Broward Transitional Center,"Pembroke Pines, FL",In Detention,2025-08-28 23:32:49
PEDRO,HERNANDEZ,PEREZ,A207954566,1975-04-17,Panama,Alligator Alcatraz Detention Center,"Everglades, FL",Awaiting Hearing,2025-08-28 23:32:49
PEDRO,,HERNANDEZ-GOMEZ,A195108619,2001-01-29,Nicaragua,Broward Transitional Center,"Pembroke Pines, FL",Awaiting Hearing,2025-08-28 23:32:49
PEDRO,ICAL,SUHOL,A288455117,2003-12-07,Brazil,Palm Beach County Jail,"West Palm Beach, FL",Awaiting Deportation,2025-08-28 23:32:49
PEDRO,,LORENZO-CONCEPCION,A75369301,2006-09-17,Brazil,Broward Transitional Center,"Pembroke Pines, FL",Released on Bond,2025-08-28 23:32:49
PEDRO,LUIS,MARTINEZ,A825704439,1999-12-05,Chile,Orange County Jail,"Orlando, FL",Awaiting Deportation,2025-08-28 23:32:49
PEDRO,,LUX-SANCHEZ,A855950147,1966-09-03,El Salvador,Broward Transitional Center,"Pembroke Pines, FL",Processing,2025-08-28 23:32:49
PEDRO,,MEJIA-MARTINEZ,A660926273,1966-02-03,Nicaragua,Palm Beach County Jail,"West Palm Beach, FL",Released on Bond,2025-08-28 23:32:49
PEDRO,OROZCO,LOPEZ,A417331310,1996-01-21,El Salvador,Florida State Prison,"Starke, FL",Released on Bond,2025-08-28 23:32:49
PEDRO,SANTOS,LOPES,A529187482,1995-12-14,Bolivia,Palm Beach County Jail,"West Palm Beach, FL",Processing,2025-08-28 23:32:49
PEDRO,VELASQUEZ,HERNANDEZ,A122406921,1966-09-11,Colombia,Alligator Alcatraz Detention Center,"Everglades, FL",Released on Bond,2025-08-28 23:32:49
PONCIANO,,CRUZ,A886772750,1980-07-22,Ecuador,Palm Beach County Jail,"West Palm Beach, FL",Awaiting Hearing,2025-08-28 23:32:49
RAFAEL,,COLLADO,A456545115,1986-06-02,Peru,Broward Transitional Center,"Pembroke Pines, FL",In Detention,2025-08-28 23:32:49
RAFAEL,,GABRIEL-VASQUEZ,A166477678,1977-03-24,Honduras,Miami Processing Center,"Miami, FL",In Detention,2025-08-28 23:32:49
RAFAEL,LA TORRE,HERRERA,A129270485,2000-07-02,Chile,Broward Transitional Center,"Pembroke Pines, FL",Awaiting Deportation,2025-08-28 23:32:49
RAFAEL,MENDEZ,DE-LEON,A929656772,1963-01-31,Colombia,Palm Beach County Jail,"West Palm Beach, FL",In Detention,2025-08-28 23:32:49
RAFAEL,NAVARRO,ADAME,A348962858,1975-12-03,Panama,Florida State Prison,"Starke, FL",Awaiting Hearing,2025-08-28 23:32:49
RAFANGER,MORAN,NAVARRO,A803374960,1984-09-12,Chile,Orange County Jail,"Orlando, FL",Processing,2025-08-28 23:32:49
RAMONE,,MENDES,A206716623,1979-03-05,Bolivia,Alligator Alcatraz Detention Center,"Everglades, FL",Released on Bond,2025-08-28 23:32:49
RANDY,,TAMAYO-PEREZ,A310469856,2001-07-29,Peru,Palm Beach County Jail,"West Palm Beach, FL",Awaiting Hearing,2025-08-28 23:32:49
RAUL,,BATEN-RAMOS,A420494426,1979-08-11,Costa Rica,Miami Processing Center,"Miami, FL",Awaiting Hearing,2025-08-28 23:32:49
RAUL,CASADO,CABRAL,A613652398,1976-06-06,Colombia,Alligator Alcatraz Detention Center,"Everglades, FL",Processing,2025-08-28 23:32:49
RAYMUNDO,MEDINA,MELCHOR,A726798689,1979-09-04,Ecuador,Florida State Prison,"Starke, FL",Released on Bond,2025-08-28 23:32:49
REMIGIO,MONTEJO,LOPEZ,A349047534,1981-12-19,Nicaragua,Palm Beach County Jail,"West Palm Beach, FL",Released on Bond,2025-08-28 23:32:49
RENE,,FERRER-GARCIA,A640930295,1983-12-13,Nicaragua,Orange County Jail,"Orlando, FL",Awaiting Hearing,2025-08-28 23:32:49
RENE,,HERNANDEZ-FIGUEREDO,A746611742,1976-01-11,Panama,Broward Transitional Center,"Pembroke Pines, FL",Awaiting Deportation,2025-08-28 23:32:49
RENE,MARTINEZ,MARTINEZ,A975992799,1973-03-21,Honduras,Alligator Alcatraz Detention Center,"Everglades, FL",Released on Bond,2025-08-28 23:32:49
RENIER,CASTILLO,MOLINA,A512843328,1985-10-21,Brazil,Broward Transitional Center,"Pembroke Pines, FL",Awaiting Hearing,2025-08-28 23:32:49
REUDYS,,PAEZ-PENA,A821441853,1970-07-13,Brazil,Florida State Prison,"Starke, FL",Released on Bond,2025-08-28 23:32:49
REYES,BAUTISTA,CRUZ,A650833929,2002-01-30,Chile,Miami Processing Center,"Miami, FL",Processing,2025-08-28 23:32:49
RICARDO,BLANCO,CHOMAT,A924838082,1993-05-23,Brazil,Palm Beach County Jail,"West Palm Beach, FL",In Detention,2025-08-28 23:32:49
RICARDO,GABRIEL,VELASQUEZ,A777651545,1971-11-05,Venezuela,Alligator Alcatraz Detention Center,"Everglades, FL",Released on Bond,2025-08-28 23:32:49
RICARDO,,HERRERA-MANINO,A883151958,1998-04-17,Brazil,Miami Processing Center,"Miami, FL",Awaiting Hearing,2025-08-28 23:32:49
RICARDO,ISLAS,RAMIREZ,A526664572,1999-10-10,Mexico,Orange County Jail,"Orlando, FL",Processing,2025-08-28 23:32:49
RIGABERTO,,MEDINA-ALVARADO,A86073689,2004-12-23,Brazil,Broward Transitional Center,"Pembroke Pines, FL",Released on Bond,2025-08-28 23:32:49
RIGOBERTO,,GARCIA-ALVAREZ,A809533793,1964-09-28,Bolivia,Miami Processing Center,"Miami, FL",Awaiting Hearing,2025-08-28 23:32:49
ROBERTO,CHAVEZ,GONZALEZ,A874621841,1962-05-30,Panama,Broward Transitional Center,"Pembroke Pines, FL",Released on Bond,2025-08-28 23:32:49
ROBERTO,DEL RIO,ROJAS,A973135637,1972-04-27,Panama,Orange County Jail,"Orlando, FL",Awaiting Hearing,2025-08-28 23:32:49
ROBERTO,,LICEA,A463583178,2003-06-22,Honduras,Broward Transitional Center,"Pembroke Pines, FL",In Detention,2025-08-28 23:32:49
ROBERTO,,MARTINEZ,A305630832,1979-08-15,Colombia,Miami Processing Center,"Miami, FL",Released on Bond,2025-08-28 23:32:49
ROBERTO,ROVIRA,MARTINEZ,A930640563,2001-01-29,Guatemala,Orange County Jail,"Orlando, FL",Awaiting Deportation,2025-08-28 23:32:49
ROCKYLSON,,ESTIME,A943023924,1990-02-21,El Salvador,Alligator Alcatraz Detention Center,"Everglades, FL",Processing,2025-08-28 23:32:49
RODOLFO,RAMOS,DOBLANDO,A318949999,1966-07-02,Colombia,Florida State Prison,"Starke, FL",Processing,2025-08-28 23:32:49
ROGELIO,YAT,TENI,A714784811,1979-11-24,Mexico,Alligator Alcatraz Detention Center,"Everglades, FL",Awaiting Hearing,2025-08-28 23:32:49
ROGERIO,DOS,SANTOS,A514007838,1991-01-07,Colombia,Miami Processing Center,"Miami, FL",Released on Bond,2025-08-28 23:32:49
ROLANDO,,ARMAS-PEREZ,A880740798,1969-01-05,El Salvador,Florida State Prison,"Starke, FL",In Detention,2025-08-28 23:32:49
ROLANDO,RAMIREZ,FUENTES,A439016636,1981-01-30,Bolivia,Alligator Alcatraz Detention Center,"Everglades, FL",Awaiting Deportation,2025-08-28 23:32:49
ROMEO,,BONILLA-PORTILLO,A970686424,1966-09-23,El Salvador,Palm Beach County Jail,"West Palm Beach, FL",Processing,2025-08-28 23:32:49
ROMMEL,MORENO,ROSTRAN,A197933627,1977-07-04,Peru,Orange County Jail,"Orlando, FL",Processing,2025-08-28 23:32:49
RONALD,,GOMEZ-GUTIERREZ,A139901843,1984-07-28,Ecuador,Orange County Jail,"Orlando, FL",In Detention,2025-08-28 23:32:49
RONALDO,,PEREZ-LOPEZ,A529074947,1987-11-10,Guatemala,Orange County Jail,"Orlando, FL",Released on Bond,2025-08-28 23:32:49
RONEL,SANTOS,NUNEZ,A98601111,1960-10-17,Costa Rica,Florida State Prison,"Starke, FL",Processing,2025-08-28 23:32:49
RONY,AGUILAR,CARRILLO,A749659105,1998-04-21,El Salvador,Broward Transitional Center,"Pembroke Pines, FL",Awaiting Deportation,2025-08-28 23:32:49
RONY,GIOVANNI TELLEZ,FUENTES,A798735838,1993-07-06,Honduras,Alligator Alcatraz Detention Center,"Everglades, FL",Processing,2025-08-28 23:32:49
ROSNIEL,ARAZO,DIAZ,A899220607,1963-08-09,El Salvador,Miami Processing Center,"Miami, FL",Processing,2025-08-28 23:32:49
ROWAN,,MATTHEWS,A343700156,1982-11-21,Colombia,Alligator Alcatraz Detention Center,"Everglades, FL",Released on Bond,2025-08-28 23:32:49
ROX-ROY,,SMITH,A177788055,2000-11-01,El Salvador,Florida State Prison,"Starke, FL",Awaiting Deportation,2025-08-28 23:32:49
RUBEN,,MENDEZ,A327310487,1965-04-16,Nicaragua,Florida State Prison,"Starke, FL",Processing,2025-08-28 23:32:49
RUDY,VELASQUEZ,MORALES,A708920310,1983-10-10,Brazil,Miami Processing Center,"Miami, FL",Awaiting Hearing,2025-08-28 23:32:49
RULVIN,,VASQUEZ-VASQUEZ,A75067386,1982-10-24,Brazil,Palm Beach County Jail,"West Palm Beach, FL",Awaiting Hearing,2025-08-28 23:32:49
SALEM,,OBEIDAT,A140398048,1966-08-07,Costa Rica,Broward Transitional Center,"Pembroke Pines, FL",In Detention,2025-08-28 23:32:49
SALIM,CHAWA,MARIN,A421887700,1991-07-27,Panama,Alligator Alcatraz Detention Center,"Everglades, FL",Awaiting Deportation,2025-08-28 23:32:49
SAMUEL,,BRITO-MARTINEZ,A248774781,1983-03-03,Bolivia,Miami Processing Center,"Miami, FL",Awaiting Hearing,2025-08-28 23:32:49
SAMUEL,HERNANDEZ,TORRES,A749229133,2005-12-17,Argentina,Broward Transitional Center,"Pembroke Pines, FL",Processing,2025-08-28 23:32:49
SAMUEL,,MORENO-ZAMORA,A871102199,1966-10-06,El Salvador,Alligator Alcatraz Detention Center,"Everglades, FL",Awaiting Deportation,2025-08-28 23:32:49
SAMUEL,PEREZ,GOMEZ,A129739260,1964-11-11,Honduras,Orange County Jail,"Orlando, FL",Processing,2025-08-28 23:32:49
SAMY,GODINEZ,LOPEZ,A385068788,1987-10-27,Brazil,Miami Processing Center,"Miami, FL",Awaiting Deportation,2025-08-28 23:32:49
SANTIAGO,,ARIAS-OTERO,A429001342,2000-05-23,Argentina,Palm Beach County Jail,"West Palm Beach, FL",Processing,2025-08-28 23:32:49
SANTIAGO,,DOMINGO-JIMENEZ,A506638580,1972-03-18,Guatemala,Alligator Alcatraz Detention Center,"Everglades, FL",Awaiting Deportation,2025-08-28 23:32:49
SANTIAGO,,VENEROS-ARMENTA,A778378211,1970-01-06,El Salvador,Alligator Alcatraz Detention Center,"Everglades, FL",Released on Bond,2025-08-28 23:32:49
SANTOS,CANALES,CRUZ,A719261413,1999-12-02,Nicaragua,Orange County Jail,"Orlando, FL",Processing,2025-08-28 23:32:49
SANTOS,DELEON,CINTO,A797489047,2002-03-04,Honduras,Florida State Prison,"Starke, FL",In Detention,2025-08-28 23:32:49
SANTOS,,DIAZ,A97889418,1974-01-23,Guatemala,Alligator Alcatraz Detention Center,"Everglades, FL",Awaiting Hearing,2025-08-28 23:32:49
SANTOS,,REYES,A588725157,1979-08-09,Chile,Palm Beach County Jail,"West Palm Beach, FL",Awaiting Hearing,2025-08-28 23:32:49
SAQUEO,,TAX-VASQUEZ,A867470392,1960-11-04,Nicaragua,Alligator Alcatraz Detention Center,"Everglades, FL",Released on Bond,2025-08-28 23:32:49
SARVAR,,CHORIEV,A792849645,1962-02-17,Mexico,Palm Beach County Jail,"West Palm Beach, FL",Awaiting Hearing,2025-08-28 23:32:49
SEBASTIAN,,GOMEZ-SARAUJO,A611585692,1999-04-08,Ecuador,Alligator Alcatraz Detention Center,"Everglades, FL",In Detention,2025-08-28 23:32:49
SEQUNDO,ORDONEZ,GODOY,A561317658,1966-06-07,Guatemala,Orange County Jail,"Orlando, FL",Processing,2025-08-28 23:32:49
SERGIO,ANDRES,SOTO-LOPEZ,A915596919,1989-05-19,Chile,Broward Transitional Center,"Pembroke Pines, FL",Awaiting Hearing,2025-08-28 23:32:49
SERGIO,,ICAL-COC,A120574298,1961-11-08,Nicaragua,Palm Beach County Jail,"West Palm Beach, FL",Awaiting Deportation,2025-08-28 23:32:49
SEVENET,,ARISTILDE,A873110710,1970-02-06,Mexico,Alligator Alcatraz Detention Center,"Everglades, FL",Awaiting Hearing,2025-08-28 23:32:49
SEVERO,,HENRIQUEZ-HERNANDEZ,A63270049,1977-08-29,Chile,Miami Processing Center,"Miami, FL",Awaiting Hearing,2025-08-28 23:32:49
SHAUN,,GOMEZ-DERAS,A916647180,1995-12-22,Panama,Miami Processing Center,"Miami, FL",Released on Bond,2025-08-28 23:32:49
SILVERIO,,GARCIA-BARTOLO,A427509997,1976-01-09,El Salvador,Miami Processing Center,"Miami, FL",Processing,2025-08-28 23:32:49
SIMEON,,FLORES-PEREZ,A846252485,1989-06-07,El Salvador,Alligator Alcatraz Detention Center,"Everglades, FL",In Detention,2025-08-28 23:32:49
SOLIDE,,KERVENS,A756415119,1984-01-07,Bolivia,Florida State Prison,"Starke, FL",Awaiting Deportation,2025-08-28 23:32:49
TAJ,,JAMES,A486006224,1967-10-15,Nicaragua,Orange County Jail,"Orlando, FL",In Detention,2025-08-28 23:32:49
TAJAY,,FRAY,A806026013,1961-08-31,Honduras,Alligator Alcatraz Detention Center,"Everglades, FL",In Detention,2025-08-28 23:32:49
TECU,,BYRON-PIRIR,A897091268,1991-01-24,Venezuela,Broward Transitional Center,"Pembroke Pines, FL",In Detention,2025-08-28 23:32:49
TOMAS,,BIAIS-BADILLO,A627866646,2002-08-04,Panama,Alligator Alcatraz Detention Center,"Everglades, FL",Awaiting Deportation,2025-08-28 23:32:49
TOMAS,,MACARIO-ESPINOZA,A350250450,1991-09-12,Ecuador,Orange County Jail,"Orlando, FL",Released on Bond,2025-08-28 23:32:49
UVALDO,OROZCO,ROMAN,A171203791,2004-08-12,Costa Rica,Alligator Alcatraz Detention Center,"Everglades, FL",In Detention,2025-08-28 23:32:49
VANDERSON,,ESTEVINHO,A980547337,2005-02-12,Guatemala,Broward Transitional Center,"Pembroke Pines, FL",Released on Bond,2025-08-28 23:32:49
VASAIL,DALI ATE,A4ADTINIC7,A596231427,1966-10-24,Ecuador,Miami Processing Center,"Miami, FL",Awaiting Hearing,2025-08-28 23:32:49
VICTOR,,BAEZ-QUINTERO,A826367736,1983-01-09,Venezuela,Florida State Prison,"Starke, FL",Released on Bond,2025-08-28 23:32:49
VICTOR,EDUARDO PEREZ,ROCHA,A443095093,1985-10-05,Honduras,Palm Beach County Jail,"West Palm Beach, FL",Released on Bond,2025-08-28 23:32:49
VICTOR,GABERIEL,RAMIREZ-SANTIAGO,A36022062,1995-10-09,Honduras,Miami Processing Center,"Miami, FL",In Detention,2025-08-28 23:32:49
VICTOR,,GODINEZ-GARCIA,A749023349,1980-06-05,Brazil,Palm Beach County Jail,"West Palm Beach, FL",Awaiting Hearing,2025-08-28 23:32:49
VICTOR,,GUERRERO-VEROES,A357873567,1992-08-31,Venezuela,Miami Processing Center,"Miami, FL",Awaiting Hearing,2025-08-28 23:32:49
VICTOR,,MORALES-MARCOS,A69879320,1996-07-22,Venezuela,Orange County Jail,"Orlando, FL",Awaiting Hearing,2025-08-28 23:32:49
VICTOR,,ROSA,A601675483,1995-06-18,Honduras,Florida State Prison,"Starke, FL",In Detention,2025-08-28 23:32:49
VICTOR,,TEJEDA-ANTUNEZ,A737008542,1991-10-08,Venezuela,Miami Processing Center,"Miami, FL",Awaiting Deportation,2025-08-28 23:32:49
VICTOR,,TORREALBA-OLLARVES,A942767892,1962-08-22,Nicaragua,Miami Processing Center,"Miami, FL",Awaiting Hearing,2025-08-28 23:32:49
VICTOR,,VARGAS-PACHECO,A591604227,1974-03-16,Colombia,Broward Transitional Center,"Pembroke Pines, FL",Released on Bond,2025-08-28 23:32:49
VICTOR,,VILLEDA-SANDOVAL,A329807139,2000-10-15,Costa Rica,Orange County Jail,"Orlando, FL",Awaiting Deportation,2025-08-28 23:32:49
VICTOR,ZAMUDIO,SANCHEZ,A332947668,1962-10-26,Honduras,Palm Beach County Jail,"West Palm Beach, FL",In Detention,2025-08-28 23:32:49
VIDAL,NAVAS,PENA,A750613875,2007-05-08,Bolivia,Alligator Alcatraz Detention Center,"Everglades, FL",In Detention,2025-08-28 23:32:49
VIKTOR,,NIKOLAEV,A332289563,1977-03-14,Venezuela,Alligator Alcatraz Detention Center,"Everglades, FL",Released on Bond,2025-08-28 23:32:49
VIRGILIO,,PEREZ-GODINEZ,A235740038,1993-07-28,Colombia,Florida State Prison,"Starke, FL",Awaiting Hearing,2025-08-28 23:32:49
VLADIMIR,BLANCO,MENENDEZ,A528389060,1963-04-12,El Salvador,Broward Transitional Center,"Pembroke Pines, FL",Released on Bond,2025-08-28 23:32:49
VLADIMIR,,BORISOV,A125370782,1995-01-09,Colombia,Florida State Prison,"Starke, FL",Awaiting Deportation,2025-08-28 23:32:49
WALTER,,CHANCHO-PEREZ,A217265498,1995-04-22,Panama,Palm Beach County Jail,"West Palm Beach, FL",Awaiting Hearing,2025-08-28 23:32:49
WALTER,DAVID,RAMREZ-CACERES,A114499434,2004-09-15,Bolivia,Miami Processing Center,"Miami, FL",In Detention,2025-08-28 23:32:49
WALTER,,GUNERA,A340910475,2002-07-11,Venezuela,Palm Beach County Jail,"West Palm Beach, FL",Awaiting Deportation,2025-08-28 23:32:49
WALTER,,JIMENEZ-AJANEL,A898937470,1983-08-14,Panama,Palm Beach County Jail,"West Palm Beach, FL",Released on Bond,2025-08-28 23:32:49
WANIQUE,PIERRE,LOUS,A507490675,1991-09-24,Ecuador,Orange County Jail,"Orlando, FL",Awaiting Deportation,2025-08-28 23:32:49
WELGEL,,RAMOS-RODRIGUEZ,A272483789,1961-01-26,Nicaragua,Broward Transitional Center,"Pembroke Pines, FL",Released on Bond,2025-08-28 23:32:49
WELLINGTON,CALISTO,PINTO,A442333769,1975-05-10,Guatemala,Broward Transitional Center,"Pembroke Pines, FL",Awaiting Deportation,2025-08-28 23:32:49
WESAM,,SHNAIWER,A605787178,1993-06-17,Ecuador,Alligator Alcatraz Detention Center,"Everglades, FL",Awaiting Deportation,2025-08-28 23:32:49
WIDLEY,,PALL,A457183569,1981-10-15,Bolivia,Miami Processing Center,"Miami, FL",Awaiting Hearing,2025-08-28 23:32:49
WILDER,,DIAZ-VELASQUEZ,A333327728,1988-01-04,Mexico,Florida State Prison,"Starke, FL",Awaiting Hearing,2025-08-28 23:32:49
WILFREDO,,LEZAMA-GARCIA,A28856689,1975-11-21,Guatemala,Alligator Alcatraz Detention Center,"Everglades, FL",In Detention,2025-08-28 23:32:49
WILFRIDO,ANDRES,AVENDANO,A571683137,1976-05-26,Chile,Alligator Alcatraz Detention Center,"Everglades, FL",Released on Bond,2025-08-28 23:32:49
WILGENS,,ELIAS,A673335561,1970-02-04,Ecuador,Broward Transitional Center,"Pembroke Pines, FL",In Detention,2025-08-28 23:32:49
WILIAN,PEREZ,BARRIOS,A185158957,1997-10-25,Nicaragua,Florida State Prison,"Starke, FL",Released on Bond,2025-08-28 23:32:49
WILLIAM,ZAVALA,GARCIA,A746924688,2004-08-10,Mexico,Alligator Alcatraz Detention Center,"Everglades, FL",Awaiting Hearing,2025-08-28 23:32:49
WILLY,IBARRA,CASANOVA,A590491280,1982-06-20,Chile,Alligator Alcatraz Detention Center,"Everglades, FL",In Detention,2025-08-28 23:32:49
WILMER,,AJANEL-MUCUN,A527427363,1973-04-15,Colombia,Miami Processing Center,"Miami, FL",Awaiting Deportation,2025-08-28 23:32:49
WILMER,,BENITO-GARCIA,A710128391,1995-04-17,Panama,Alligator Alcatraz Detention Center,"Everglades, FL",In Detention,2025-08-28 23:32:49
WILSON,BATISTA,RODRIGUEZ,A614998468,1962-11-23,Honduras,Broward Transitional Center,"Pembroke Pines, FL",Awaiting Hearing,2025-08-28 23:32:49
WILSON,,GRANADOS-GOMEZ,A617323595,2002-12-15,Brazil,Orange County Jail,"Orlando, FL",Released on Bond,2025-08-28 23:32:49
WILSON,MAAS,CHUN,A351640651,1987-08-16,Guatemala,Palm Beach County Jail,"West Palm Beach, FL",Processing,2025-08-28 23:32:49
WILVER,LOPEZ,VEGA,A764468757,1978-12-27,Honduras,Florida State Prison,"Starke, FL",Released on Bond,2025-08-28 23:32:49
WIMLER,,LUNA-GONZALEZ,A375598552,1989-09-19,Nicaragua,Alligator Alcatraz Detention Center,"Everglades, FL",Released on Bond,2025-08-28 23:32:49
WUALDER,PEREZ,VELASQUEZ,A792092169,1990-12-02,Nicaragua,Florida State Prison,"Starke, FL",Awaiting Hearing,2025-08-28 23:32:49
XCHEL,LEAL,RUBIO,A730143145,1998-11-28,Venezuela,Alligator Alcatraz Detention Center,"Everglades, FL",Awaiting Hearing,2025-08-28 23:32:49
XIAOJIAN,,GE,A403052384,1998-09-26,Chile,Palm Beach County Jail,"West Palm Beach, FL",Awaiting Hearing,2025-08-28 23:32:49
YADIEL,PEREZ,DELGADO,A992635845,1961-07-02,Bolivia,Miami Processing Center,"Miami, FL",Awaiting Deportation,2025-08-28 23:32:49
YAMIL,,BALLATE-MARTINEZ,A897695633,1986-08-18,Ecuador,Alligator Alcatraz Detention Center,"Everglades, FL",Processing,2025-08-28 23:32:49
YANIEL,,GALVEZ-ECHEVARRIA,A453885288,1970-06-11,Guatemala,Orange County Jail,"Orlando, FL",In Detention,2025-08-28 23:32:49
YASHIMA,,CAMPBELL,A876175048,1967-03-20,Nicaragua,Palm Beach County Jail,"West Palm Beach, FL",Awaiting Deportation,2025-08-28 23:32:49
YENER,GOMEZ,LOPEZ,A544012310,1968-12-17,Guatemala,Miami Processing Center,"Miami, FL",Awaiting Deportation,2025-08-28 23:32:49
YESER,LOBO,FUNES,A197991122,1966-01-02,Chile,Orange County Jail,"Orlando, FL",Awaiting Hearing,2025-08-28 23:32:49
YESID,CARDONA,PANESSO,A929833489,1978-02-13,Venezuela,Florida State Prison,"Starke, FL",Processing,2025-08-28 23:32:49
YESVIN,LOPEZ,MACARIO,A320787165,2002-04-04,Ecuador,Miami Processing Center,"Miami, FL",Awaiting Hearing,2025-08-28 23:32:49
YOHANDRY,AZTECA,RIVERO,A694300918,1998-03-25,Peru,Orange County Jail,"Orlando, FL",Awaiting Hearing,2025-08-28 23:32:49
YONI,,MACARIO,A297877114,1998-04-29,Peru,Miami Processing Center,"Miami, FL",Awaiting Deportation,2025-08-28 23:32:49
YOSNEY,,TEJEDA-MARQUEZ,A172747800,1967-11-17,Peru,Miami Processing Center,"Miami, FL",Processing,2025-08-28 23:32:49
YURISAN,DOMINGUEZ,PEREZ,A437575069,1976-10-01,Honduras,Palm Beach County Jail,"West Palm Beach, FL",In Detention,2025-08-28 23:32:49
ZENAIDO,,SANCHEZ-SANCHEZ,A557828575,1988-08-02,Ecuador,Broward Transitional Center,"Pembroke Pines, FL",Awaiting Hearing,2025-08-28 23:32:49
EWI,ESCALANTE,ESCALANTE,A646233774,1964-12-12,Nicaragua,Orange County Jail,"Orlando, FL",Released on Bond,2025-08-28 23:32:49
